GameId,Season,HomeTeamAbbr,VisitorTeamAbbr,PossessionTeam,Team,Week,Quarter,Down,Distance,FieldPosition,HomeScoreBeforePlay,VisitorScoreBeforePlay,OffenseFormation,DefendersInTheBox,Yards,X,Y,S,A,Dis,Orientation,Dir,DisplayName,JerseyNumber,PlayerHeight,PlayerWeight,PlayerCollegeName,Position,X1,Y1
2017090700,2017,NE,KC,NE,home,1,1,3,2,NE,0,0,SHOTGUN,6.0,8,78.75,30.53,3.63,3.35,0.38,161.98,245.74,James White,28,5-10,205,Wisconsin,RB,86.75,23.236477234178068
2017090700,2017,NE,KC,NE,home,1,1,1,10,NE,0,0,SHOTGUN,6.0,3,48.93000000000001,26.139999999999997,3.06,2.41,0.34,210.7,132.2,James White,28,5-10,205,Wisconsin,RB,51.93000000000001,28.36241378886025
2017090700,2017,NE,KC,NE,home,1,1,1,10,KC,0,0,SINGLEBACK,7.0,5,48.66,19.11,5.77,2.42,0.6,140.82,221.96,James White,28,5-10,205,Wisconsin,RB,53.66,15.766941848115058
2017090700,2017,NE,KC,NE,home,1,1,2,2,KC,0,0,JUMBO,9.0,2,104.47,27.939999999999998,4.45,3.2,0.46,186.22,95.44,Mike Gillislee,35,5-11,210,Florida,RB,106.47,29.93099204399835
2017090700,2017,NE,KC,KC,away,1,1,1,10,KC,7,0,SHOTGUN,7.0,7,29.99,27.12,3.9,2.53,0.44,34.27,157.92,Kareem Hunt,27,5-11,216,Toledo,RB,36.989999999999995,29.75130574504411
2017090700,2017,NE,KC,NE,home,1,1,3,7,KC,7,0,SHOTGUN,5.0,10,77.12,30.569999999999997,3.32,2.76,0.44,189.77,139.67000000000002,James White,28,5-10,205,Wisconsin,RB,87.12,37.041890230352855
2017090700,2017,NE,KC,NE,home,1,1,2,10,KC,7,0,SINGLEBACK,8.0,-1,35.28,24.98,4.8,2.02,0.54,149.73,203.83,Rex Burkhead,34,5-10,215,Nebraska,RB,34.28,25.384024312775193
2017090700,2017,NE,KC,NE,home,1,1,4,1,KC,7,0,SINGLEBACK,9.0,0,97.26,27.869999999999997,3.65,1.18,0.51,205.6,102.12,Mike Gillislee,35,5-11,210,Florida,RB,97.26,27.869999999999997
2017090700,2017,NE,KC,KC,away,1,1,1,10,KC,7,0,SINGLEBACK,7.0,9,14.57,22.25,4.77,3.1,0.51,16.13,129.93,Kareem Hunt,27,5-11,216,Toledo,RB,23.57,29.151462659848487
2017090700,2017,NE,KC,KC,away,1,1,1,10,,7,0,PISTOL,7.0,9,53.64,27.84,3.64,2.63,0.38,21.53,141.28,Kareem Hunt,27,5-11,216,Toledo,RB,62.64,33.469635358578245
2017090700,2017,NE,KC,KC,away,1,1,2,9,NE,7,0,SINGLEBACK,7.0,2,96.73,23.79,4.34,2.11,0.55,3.53,89.94,Kareem Hunt,27,5-11,216,Toledo,RB,98.73,25.789998903377388
2017090700,2017,NE,KC,NE,home,1,1,1,10,NE,7,7,SHOTGUN,6.0,3,88.63,29.13,2.82,2.79,0.32,177.73,286.41,Mike Gillislee,35,5-11,210,Florida,RB,91.63,26.252205953853743
2017090700,2017,NE,KC,NE,home,1,1,1,10,KC,7,7,SINGLEBACK,7.0,13,45.71,30.09,6.55,3.75,0.69,80.67,167.54,Chris Hogan,15,6-1,210,"Monmouth, N.J.",WR,58.71,32.89485371473472
2017090700,2017,NE,KC,NE,home,1,1,2,5,KC,7,7,SINGLEBACK,6.0,4,29.07,19.68,5.47,4.15,0.58,148.12,193.99,James White,28,5-10,205,Wisconsin,RB,33.07,18.712989826542277
2017090700,2017,NE,KC,NE,home,1,1,3,1,KC,7,7,SHOTGUN,7.0,0,98.06,30.589999999999996,2.39,1.68,0.31,180.2,112.45999999999998,James White,28,5-10,205,Wisconsin,RB,98.06,30.589999999999996
2017090700,2017,NE,KC,KC,away,1,2,2,10,KC,10,7,PISTOL,7.0,4,50.629999999999995,21.56,6.65,4.13,0.66,261.44,178.57999999999998,Tyreek Hill,10,5-10,185,West Alabama,WR,54.629999999999995,21.659124553230996
2017090700,2017,NE,KC,NE,home,1,2,1,10,NE,10,7,SINGLEBACK,8.0,4,24.18,29.83,7.31,1.59,0.74,74.58,184.05,Chris Hogan,15,6-1,210,"Monmouth, N.J.",WR,28.18,29.54749205627533
2017090700,2017,NE,KC,NE,home,1,2,2,6,NE,10,7,SINGLEBACK,7.0,4,27.02,19.57,6.28,2.93,0.62,55.04,155.43,Mike Gillislee,35,5-11,210,Florida,RB,31.02,21.23321864122343
2017090700,2017,NE,KC,NE,home,1,2,2,10,NE,10,7,I_FORM,7.0,0,51.6,30.02,6.94,3.35,0.72,93.08,187.65,Chris Hogan,15,6-1,210,"Monmouth, N.J.",WR,51.6,30.02
2017090700,2017,NE,KC,NE,home,1,2,1,10,KC,10,7,I_FORM,7.0,16,50.959999999999994,25.369999999999997,5.24,2.11,0.57,312.76,-154.8,Mike Gillislee,35,5-11,210,Florida,RB,66.96,18.55753133495884
2017090700,2017,NE,KC,NE,home,1,2,1,10,KC,10,7,I_FORM,7.0,9,36.959999999999994,19.059999999999995,5.34,2.61,0.57,329.15,-159.94,Mike Gillislee,35,5-11,210,Florida,RB,45.959999999999994,15.972964005186984
2017090700,2017,NE,KC,NE,home,1,2,2,1,KC,10,7,I_FORM,8.0,4,25.22,22.019999999999996,4.25,2.51,0.46,353.66,-109.5,Mike Gillislee,35,5-11,210,Florida,RB,29.22,18.249434035631282
2017090700,2017,NE,KC,NE,home,1,2,1,7,KC,10,7,I_FORM,9.0,2,97.34,24.95,5.03,1.01,0.6,66.22,153.78,Mike Gillislee,35,5-11,210,Florida,RB,99.34,25.833638056286297
2017090700,2017,NE,KC,NE,home,1,2,1,2,KC,10,7,JUMBO,11.0,2,16.760000000000005,26.269999999999996,5.04,1.66,0.54,322.47,-126.91,Mike Gillislee,35,5-11,210,Florida,RB,18.760000000000005,24.670840293581087
2017090700,2017,NE,KC,KC,away,1,2,1,10,KC,17,7,SHOTGUN,7.0,3,28.5,22.599999999999998,4.64,3.01,0.48,230.16,167.43,Kareem Hunt,27,5-11,216,Toledo,RB,31.5,23.252896668086947
2017090700,2017,NE,KC,KC,away,1,2,1,10,KC,17,7,SINGLEBACK,7.0,1,79.14,28.93,4.73,2.12,0.48,167.45,243.04,Tyreek Hill,10,5-10,185,West Alabama,WR,80.14,28.038676747810527
2017090700,2017,NE,KC,KC,away,1,2,2,9,KC,17,7,PISTOL,6.0,4,41.629999999999995,26.4,5.52,3.33,0.56,210.82,145.54000000000002,De'Anthony Thomas,13,5-8,176,Oregon,WR,45.629999999999995,28.6633230012963
2017090700,2017,NE,KC,NE,home,1,2,1,10,NE,17,7,SHOTGUN,6.0,4,46.13,30.63,2.99,2.27,0.55,15.64,116.79,Dion Lewis,33,5-8,195,Pittsburgh,RB,50.13,34.200657991331795
2017090700,2017,NE,KC,KC,away,1,2,1,14,KC,17,7,SHOTGUN,6.0,7,9.870000000000005,28.199999999999996,5.2,3.2,0.55,224.29,176.27999999999997,Kareem Hunt,27,5-11,216,Toledo,RB,16.870000000000005,28.654164498047887
2017090700,2017,NE,KC,KC,away,1,3,1,10,KC,17,14,SINGLEBACK,7.0,10,30.17,23.519999999999996,4.8,2.37,0.58,204.09,129.62,Kareem Hunt,27,5-11,216,Toledo,RB,40.17,31.222906928909104
2017090700,2017,NE,KC,NE,home,1,3,1,10,NE,17,14,SINGLEBACK,7.0,2,87.25,19.229999999999997,5.18,1.67,0.56,315.77,-137.65,Mike Gillislee,35,5-11,210,Florida,RB,89.25,17.882684585886853
2017090700,2017,NE,KC,NE,home,1,3,2,8,NE,17,14,I_FORM,7.0,-4,35.1,28.59,3.96,2.72,0.45,25.19,129.05,Mike Gillislee,35,5-11,210,Florida,RB,31.1,25.483614080128962
2017090700,2017,NE,KC,NE,home,1,3,2,10,NE,17,21,I_FORM,7.0,4,89.89,21.339999999999996,4.52,2.55,0.48,349.89,-108.09,Mike Gillislee,35,5-11,210,Florida,RB,93.89,17.537720238334476
2017090700,2017,NE,KC,NE,home,1,3,2,10,NE,17,21,SHOTGUN,6.0,5,69.16,24.699999999999996,3.0,2.58,0.33,332.71,-141.28,Dion Lewis,33,5-8,195,Pittsburgh,RB,74.16,21.57242480078986
2017090700,2017,NE,KC,KC,away,1,3,1,10,KC,17,21,SINGLEBACK,8.0,1,19.269999999999996,26.049999999999997,4.41,0.99,0.53,198.09,142.8,Kareem Hunt,27,5-11,216,Toledo,RB,20.269999999999996,26.65459911486237
2017090700,2017,NE,KC,NE,home,1,3,1,1,KC,17,21,JUMBO,10.0,0,105.2,27.63,4.17,0.9,0.52,26.77,117.93,Mike Gillislee,35,5-11,210,Florida,RB,105.2,27.63
2017090700,2017,NE,KC,NE,home,1,3,2,1,KC,17,21,JUMBO,9.0,1,104.86,22.44,4.77,2.83,0.55,26.07,127.05,Mike Gillislee,35,5-11,210,Florida,RB,105.86,23.238110023334013
2017090700,2017,NE,KC,KC,away,1,3,2,12,KC,24,21,SHOTGUN,7.0,1,16.189999999999998,22.629999999999995,1.96,3.33,0.2,188.05,100.23000000000002,Kareem Hunt,27,5-11,216,Toledo,RB,17.189999999999998,23.614102751708863
2017090700,2017,NE,KC,NE,home,1,3,1,10,KC,24,21,SINGLEBACK,7.0,7,32.510000000000005,19.339999999999996,5.29,2.46,0.55,321.17,-134.32999999999998,James White,28,5-10,205,Wisconsin,RB,39.510000000000005,14.332711376414332
2017090700,2017,NE,KC,NE,home,1,3,2,3,KC,24,21,SINGLEBACK,7.0,4,94.67,29.1,3.82,1.88,0.44,10.03,86.23,James White,28,5-10,205,Wisconsin,RB,98.67,33.09134412978841
2017090700,2017,NE,KC,NE,home,1,3,2,4,KC,24,21,SINGLEBACK,8.0,-6,21.42,18.449999999999996,5.86,3.24,0.58,319.89,-169.14,James White,28,5-10,205,Wisconsin,RB,15.420000000000002,19.580459162747754
2017090700,2017,NE,KC,KC,away,1,3,1,15,KC,27,21,PISTOL,7.0,13,110.34,26.41,3.92,2.61,0.45,166.19,314.37,Kareem Hunt,27,5-11,216,Toledo,RB,123.34,17.117093980900442
2017090700,2017,NE,KC,NE,home,1,4,4,1,KC,27,28,JUMBO,10.0,0,52.93,31.15,3.85,1.14,0.48,172.21,287.03,Mike Gillislee,35,5-11,210,Florida,RB,52.93,31.15
2017090700,2017,NE,KC,NE,home,1,4,1,10,NE,27,28,SINGLEBACK,8.0,2,100.82,31.12,3.88,1.54,0.45,177.72,278.05,Rex Burkhead,34,5-10,215,Nebraska,RB,102.82,29.139707519502437
2017090700,2017,NE,KC,NE,home,1,4,2,8,NE,27,28,SINGLEBACK,7.0,14,99.41,24.25,6.42,1.23,0.63,137.57,211.61,Rex Burkhead,34,5-10,215,Nebraska,RB,113.41,16.9121162666541
2017090700,2017,NE,KC,KC,away,1,4,2,1,KC,27,28,PISTOL,7.0,7,66.78999999999999,27.299999999999997,3.22,2.07,0.42,325.11,-121.57,Kareem Hunt,27,5-11,216,Toledo,RB,73.78999999999999,21.335991769705032
2017090700,2017,NE,KC,KC,away,1,4,1,4,NE,27,28,SHOTGUN,8.0,4,100.45,20.38,5.97,2.94,0.61,6.8,171.47,Kareem Hunt,27,5-11,216,Toledo,RB,104.45,20.973308953358632
2017090700,2017,NE,KC,KC,away,1,4,1,10,KC,27,35,SHOTGUN,9.0,58,95.2,23.08,4.99,3.75,0.45,350.12,-172.5,Kareem Hunt,27,5-11,216,Toledo,RB,153.2,15.509480851237008
2017090700,2017,NE,KC,KC,away,1,4,1,10,NE,27,35,I_FORM,9.0,21,83.64,27.05,4.69,3.04,0.52,47.05,137.34,Charcandrick West,35,5-10,205,Abilene Christian,RB,104.64,41.28057518687215
2017090700,2017,NE,KC,KC,away,1,4,1,10,NE,27,42,I_FORM,9.0,2,62.55,26.4,4.83,2.05,0.54,42.26,143.07,Kareem Hunt,27,5-11,216,Toledo,RB,64.55,27.60167771382099
2017090700,2017,NE,KC,KC,away,1,4,2,8,NE,27,42,I_FORM,8.0,2,65.42,20.58,4.96,2.24,0.56,35.58,139.64,Kareem Hunt,27,5-11,216,Toledo,RB,67.42,21.875176178259142
2017090700,2017,NE,KC,KC,away,1,4,3,1,NE,27,42,I_FORM,8.0,3,45.91,30.419999999999998,3.33,2.25,0.35,313.31,-119.2,Kareem Hunt,27,5-11,216,Toledo,RB,48.91,27.80123376819057
2017091000,2017,BUF,NYJ,BUF,home,1,1,2,10,BUF,0,0,SINGLEBACK,6.0,3,29.349999999999994,26.169999999999998,5.84,3.86,0.56,229.29,147.14,LeSean McCoy,25,5-11,210,Pittsburgh,RB,32.349999999999994,27.79776445715776
2017091000,2017,BUF,NYJ,BUF,home,1,1,1,10,NYJ,0,0,I_FORM,7.0,16,63.32,20.79,4.78,3.68,0.48,154.67,235.53,Mike Tolbert,35,5-9,250,Coastal Carolina,FB,79.32,7.599237675981193
2017091000,2017,BUF,NYJ,BUF,home,1,1,1,10,NYJ,0,0,I_FORM,7.0,4,47.45,21.49,3.63,2.92,0.43,179.99,257.03,Mike Tolbert,35,5-9,250,Coastal Carolina,FB,51.45,17.592049138752248
2017091000,2017,BUF,NYJ,BUF,home,1,1,2,6,NYJ,0,0,SHOTGUN,6.0,3,42.45,24.93,3.28,3.03,0.47,163.64,250.5,LeSean McCoy,25,5-11,210,Pittsburgh,RB,45.45,22.102075526723464
2017091000,2017,BUF,NYJ,BUF,home,1,1,1,10,NYJ,0,0,SINGLEBACK,7.0,10,89.91,26.169999999999998,4.88,3.15,0.53,227.25,129.89,LeSean McCoy,25,5-11,210,Pittsburgh,RB,99.91,33.84277094210704
2017091000,2017,BUF,NYJ,BUF,home,1,1,1,2,NYJ,0,0,JUMBO,8.0,-6,17.16,27.2,4.41,3.34,0.51,141.21,203.22,Mike Tolbert,35,5-9,250,Coastal Carolina,FB,11.16,29.565576346057703
2017091000,2017,BUF,NYJ,BUF,home,1,1,1,15,BUF,0,0,SINGLEBACK,6.0,3,40.519999999999996,20.519999999999996,4.98,3.34,0.52,199.76,142.01,LeSean McCoy,25,5-11,210,Pittsburgh,RB,43.519999999999996,22.36657179638214
2017091000,2017,BUF,NYJ,BUF,home,1,1,1,10,BUF,0,0,I_FORM,7.0,-1,27.260000000000005,20.549999999999997,4.74,2.05,0.51,202.75,142.48000000000002,LeSean McCoy,25,5-11,210,Pittsburgh,RB,26.260000000000005,19.94096167552637
2017091000,2017,BUF,NYJ,BUF,home,1,1,2,4,BUF,0,0,I_FORM,7.0,1,46.129999999999995,21.449999999999996,4.8,3.31,0.51,197.9,124.51999999999998,LeSean McCoy,25,5-11,210,Pittsburgh,RB,47.129999999999995,22.273928425342625
2017091000,2017,BUF,NYJ,BUF,home,1,2,3,3,BUF,0,0,SHOTGUN,6.0,23,71.41,30.349999999999998,3.48,3.26,0.43,319.25,-157.07999999999998,LeSean McCoy,25,5-11,210,Pittsburgh,RB,94.41,21.39275394174124
2017091000,2017,BUF,NYJ,BUF,home,1,2,1,10,NYJ,0,0,SINGLEBACK,6.0,0,71.37,26.31,4.87,2.25,0.54,31.95,141.75,Mike Tolbert,35,5-9,250,Coastal Carolina,FB,71.37,26.31
2017091000,2017,BUF,NYJ,BUF,home,1,2,1,10,NYJ,0,0,SINGLEBACK,6.0,14,36.620000000000005,26.069999999999997,5.23,3.33,0.53,316.68,-148.87,Mike Tolbert,35,5-9,250,Coastal Carolina,FB,50.620000000000005,18.832257621868457
2017091000,2017,BUF,NYJ,BUF,home,1,2,1,8,NYJ,0,0,SINGLEBACK,7.0,2,23.11,21.389999999999997,3.92,2.65,0.45,344.99,-109.02,LeSean McCoy,25,5-11,210,Pittsburgh,RB,25.11,19.499190253454714
2017091000,2017,BUF,NYJ,BUF,home,1,2,1,10,NYJ,7,3,SINGLEBACK,7.0,20,54.7,20.599999999999994,5.02,3.69,0.48,318.34,-135.39,LeSean McCoy,25,5-11,210,Pittsburgh,RB,74.7,6.554453714224916
2017091000,2017,BUF,NYJ,BUF,home,1,2,1,10,NYJ,7,3,I_FORM,7.0,-1,85.28,26.39,5.45,3.19,0.55,52.15,148.26,LeSean McCoy,25,5-11,210,Pittsburgh,RB,84.28,25.86393449882335
2017091000,2017,BUF,NYJ,BUF,home,1,2,3,21,NYJ,7,3,SHOTGUN,6.0,3,74.76,25.9,1.71,1.83,0.34,3.23,78.24,Mike Tolbert,35,5-9,250,Coastal Carolina,FB,77.76,28.83702974614759
2017091000,2017,BUF,NYJ,NYJ,away,1,2,2,10,NYJ,7,3,SHOTGUN,6.0,4,79.16,28.45,2.55,3.01,0.47,172.53,244.68,Bilal Powell,29,5-10,204,Louisville,RB,83.16,24.834266725808234
2017091000,2017,BUF,NYJ,NYJ,away,1,2,1,10,BUF,7,3,SHOTGUN,6.0,3,64.32,27.58,2.99,2.32,0.37,163.25,223.57,Bilal Powell,29,5-10,204,Louisville,RB,67.32,25.51227917883559
2017091000,2017,BUF,NYJ,NYJ,away,1,2,1,10,BUF,7,3,SHOTGUN,6.0,2,63.89,31.299999999999997,2.98,2.56,0.59,205.49,140.51999999999998,Bilal Powell,29,5-10,204,Louisville,RB,65.89,32.57161766747949
2017091000,2017,BUF,NYJ,NYJ,away,1,3,1,10,NYJ,7,6,SINGLEBACK,6.0,0,29.98,22.23,3.04,1.67,0.4,2.48,100.35,Bilal Powell,29,5-10,204,Louisville,RB,29.98,22.23
2017091000,2017,BUF,NYJ,NYJ,away,1,3,1,10,NYJ,7,6,SHOTGUN,6.0,1,43.06,22.26,1.45,2.7,0.21,5.35,126.76,Matt Forte,22,6-2,218,Tulane,RB,44.06,23.061149373145042
2017091000,2017,BUF,NYJ,BUF,home,1,3,1,10,BUF,7,6,SINGLEBACK,7.0,1,83.64,20.75,4.76,3.07,0.5,134.61,226.33,LeSean McCoy,25,5-11,210,Pittsburgh,RB,84.64,20.02667120802521
2017091000,2017,BUF,NYJ,NYJ,away,1,3,1,10,NYJ,7,6,SHOTGUN,7.0,0,26.25,22.45,1.37,2.78,0.11,14.05,136.58,Matt Forte,22,6-2,218,Tulane,RB,26.25,22.45
2017091000,2017,BUF,NYJ,BUF,home,1,3,1,10,BUF,7,6,SINGLEBACK,7.0,0,39.870000000000005,26.609999999999996,5.13,3.64,0.54,225.59,147.06,LeSean McCoy,25,5-11,210,Pittsburgh,RB,39.870000000000005,26.609999999999996
2017091000,2017,BUF,NYJ,BUF,home,1,3,1,10,NYJ,7,6,I_FORM,7.0,2,87.71000000000001,26.549999999999997,5.25,3.57,0.55,227.99,132.55,LeSean McCoy,25,5-11,210,Pittsburgh,RB,89.71000000000001,28.023374984949427
2017091000,2017,BUF,NYJ,NYJ,away,1,3,1,10,NYJ,14,6,I_FORM,7.0,8,89.78999999999999,21.679999999999996,3.65,2.61,0.4,355.55,-97.12,Matt Forte,22,6-2,218,Tulane,RB,97.78999999999999,13.741690140996335
2017091000,2017,BUF,NYJ,NYJ,away,1,3,1,10,BUF,14,6,SHOTGUN,6.0,1,45.31,30.299999999999997,3.49,3.0,0.61,336.37,-141.78,Bilal Powell,29,5-10,204,Louisville,RB,46.31,29.6813173265189
2017091000,2017,BUF,NYJ,BUF,home,1,3,2,10,BUF,14,12,SHOTGUN,6.0,8,94.54,30.51,3.38,2.48,0.43,152.63,227.18,LeSean McCoy,25,5-11,210,Pittsburgh,RB,102.54,24.642058799602836
2017091000,2017,BUF,NYJ,BUF,home,1,3,1,10,BUF,14,12,I_FORM,7.0,1,69.54,21.0,3.77,2.37,0.43,150.44,228.38,Mike Tolbert,35,5-9,250,Coastal Carolina,FB,70.54,20.252433709023247
2017091000,2017,BUF,NYJ,BUF,home,1,4,2,9,BUF,14,12,SINGLEBACK,6.0,27,51.88,26.77,5.27,3.97,0.51,30.18,127.81,LeSean McCoy,25,5-11,210,Pittsburgh,RB,78.88,48.101296752774445
2017091000,2017,BUF,NYJ,BUF,home,1,4,1,10,NYJ,14,12,SINGLEBACK,7.0,0,40.86,26.529999999999998,4.08,2.39,0.46,311.42,-157.65,Mike Tolbert,35,5-9,250,Coastal Carolina,FB,40.86,26.529999999999998
2017091000,2017,BUF,NYJ,BUF,home,1,4,1,4,NYJ,14,12,SINGLEBACK,7.0,3,18.650000000000006,20.64,5.01,3.57,0.51,311.92,-140.09,LeSean McCoy,25,5-11,210,Pittsburgh,RB,21.650000000000006,18.715249447869905
2017091000,2017,BUF,NYJ,BUF,home,1,4,2,1,NYJ,14,12,SINGLEBACK,7.0,1,106.09,28.27,3.91,2.15,0.48,2.65,100.89,Mike Tolbert,35,5-9,250,Coastal Carolina,FB,107.09,29.251991701120996
2017091000,2017,BUF,NYJ,NYJ,away,1,4,2,8,NYJ,21,12,SINGLEBACK,7.0,1,96.22,25.04,2.71,1.16,0.36,170.35,286.22,Bilal Powell,29,5-10,204,Louisville,RB,97.22,24.0798037590932
2017091000,2017,BUF,NYJ,NYJ,away,1,4,3,7,NYJ,21,12,SHOTGUN,7.0,11,94.83,24.7,2.71,3.32,0.27,155.44,238.9,Bilal Powell,29,5-10,204,Louisville,RB,105.83,15.281062069396391
2017091000,2017,BUF,NYJ,NYJ,away,1,4,2,6,NYJ,21,12,SHOTGUN,6.0,4,40.230000000000004,30.83,3.27,3.09,0.59,208.69,135.3,Matt Forte,22,6-2,218,Tulane,RB,44.230000000000004,33.643578811242016
2017091000,2017,BUF,NYJ,BUF,home,1,4,1,10,BUF,21,12,I_FORM,7.0,2,9.06,27.54,4.44,2.66,0.46,16.92,114.55,LeSean McCoy,25,5-11,210,Pittsburgh,RB,11.06,29.359198072622846
2017091000,2017,BUF,NYJ,BUF,home,1,4,2,8,BUF,21,12,I_FORM,7.0,-1,109.85,26.129999999999995,3.45,2.23,0.42,332.15,-100.13,LeSean McCoy,25,5-11,210,Pittsburgh,RB,108.85,27.114411223222
2017091000,2017,BUF,NYJ,BUF,home,1,4,1,10,BUF,21,12,SINGLEBACK,6.0,5,27.93,27.02,5.13,2.78,0.54,37.4,137.76,LeSean McCoy,25,5-11,210,Pittsburgh,RB,32.93,30.38118802379758
2017091000,2017,BUF,NYJ,BUF,home,1,4,2,5,BUF,21,12,SINGLEBACK,6.0,-3,89.24,25.65,5.36,4.24,0.51,317.16,-169.42,LeSean McCoy,25,5-11,210,Pittsburgh,RB,86.24,26.200824690747577
2017091000,2017,BUF,NYJ,BUF,home,1,4,1,10,BUF,21,12,SINGLEBACK,7.0,2,22.24,27.2,3.89,2.21,0.43,27.49,123.99,Mike Tolbert,35,5-9,250,Coastal Carolina,FB,24.24,28.85827031500155
2017091000,2017,BUF,NYJ,BUF,home,1,4,2,8,BUF,21,12,SINGLEBACK,7.0,1,24.27,24.98,3.57,2.49,0.42,1.41,98.25,Mike Tolbert,35,5-9,250,Coastal Carolina,FB,25.27,25.96965138681967
2017091000,2017,BUF,NYJ,BUF,home,1,4,1,10,BUF,21,12,I_FORM,7.0,3,85.82,27.349999999999998,4.22,2.57,0.46,346.66,-108.54,LeSean McCoy,25,5-11,210,Pittsburgh,RB,88.82,24.5056942889479
2017091000,2017,BUF,NYJ,BUF,home,1,4,2,17,BUF,21,12,SINGLEBACK,8.0,0,26.96,23.77,5.04,1.8,0.54,31.64,137.41,LeSean McCoy,25,5-11,210,Pittsburgh,RB,26.96,23.77
2017091001,2017,CHI,ATL,ATL,away,1,1,1,10,ATL,0,0,SINGLEBACK,5.0,6,11.83,24.07,6.32,2.88,0.65,4.31,160.19,Devonta Freeman,24,5-8,206,Florida State,RB,17.83,26.10341277854832
2017091001,2017,CHI,ATL,ATL,away,1,1,1,10,CHI,0,0,SINGLEBACK,7.0,3,65.12,24.97,6.04,3.84,0.61,324.85,-150.53,Tevin Coleman,26,6-1,210,Indiana,RB,68.12,23.494096673658383
2017091001,2017,CHI,ATL,ATL,away,1,1,3,4,CHI,0,0,SHOTGUN,6.0,5,57.45,22.24,2.07,1.96,0.31,332.81,-95.49,Devonta Freeman,24,5-8,206,Florida State,RB,62.45,17.26293544277051
2017091001,2017,CHI,ATL,ATL,away,1,1,2,3,CHI,0,0,SINGLEBACK,6.0,2,75.03,18.43,4.51,3.36,0.56,35.68,135.97,Devonta Freeman,24,5-8,206,Florida State,RB,77.03,19.820069841316435
2017091001,2017,CHI,ATL,ATL,away,1,1,3,1,CHI,0,0,SINGLEBACK,7.0,-1,77.16,21.84,3.66,0.87,0.44,15.08,103.3,Tevin Coleman,26,6-1,210,Indiana,RB,76.16,20.866821127222913
2017091001,2017,CHI,ATL,CHI,home,1,1,1,10,CHI,0,3,SINGLEBACK,8.0,1,31.430000000000007,19.779999999999994,3.46,4.44,0.47,196.46,103.29000000000002,Jordan Howard,24,6-0,224,Indiana,RB,32.43000000000001,20.753219009208088
2017091001,2017,CHI,ATL,ATL,away,1,1,2,10,ATL,0,3,I_FORM,7.0,4,34.13,25.17,5.75,2.97,0.6,5.95,144.57,Devonta Freeman,24,5-8,206,Florida State,RB,38.13,27.488831571329474
2017091001,2017,CHI,ATL,CHI,home,1,1,1,10,CHI,0,3,SINGLEBACK,7.0,11,28.340000000000003,23.109999999999996,6.27,0.93,0.68,213.76,149.26,Jordan Howard,24,6-0,224,Indiana,RB,39.34,28.732573919329838
2017091001,2017,CHI,ATL,CHI,home,1,1,2,10,ATL,0,3,I_FORM,7.0,15,54.56999999999999,20.479999999999997,5.55,2.16,0.53,228.3,155.36,Tarik Cohen,29,5-6,191,North Carolina A&T,RB,69.57,26.7337318597246
2017091001,2017,CHI,ATL,CHI,home,1,1,1,10,ATL,0,3,SHOTGUN,6.0,2,47.79,29.6,3.47,1.23,0.42,159.35,233.37,Jordan Howard,24,6-0,224,Indiana,RB,49.79,27.994989634915235
2017091001,2017,CHI,ATL,ATL,away,1,2,1,10,ATL,3,3,SINGLEBACK,7.0,5,89.1,27.07,4.93,2.8,0.49,179.92,248.73,Tevin Coleman,26,6-1,210,Indiana,RB,94.1,22.410593511189244
2017091001,2017,CHI,ATL,ATL,away,1,2,2,5,ATL,3,3,SINGLEBACK,7.0,0,35.67,22.669999999999998,5.67,1.19,0.65,223.51,142.07999999999998,Tevin Coleman,26,6-1,210,Indiana,RB,35.67,22.669999999999998
2017091001,2017,CHI,ATL,ATL,away,1,2,1,10,ATL,3,3,I_FORM,7.0,1,40.68000000000001,18.93,6.2,1.83,0.65,223.6,142.62,Devonta Freeman,24,5-8,206,Florida State,RB,41.68000000000001,19.53709849971038
2017091001,2017,CHI,ATL,ATL,away,1,2,2,2,CHI,3,3,SINGLEBACK,7.0,1,67.88,24.289999999999996,5.57,1.91,0.6,228.19,134.57,Tevin Coleman,26,6-1,210,Indiana,RB,68.88,25.002393594850034
2017091001,2017,CHI,ATL,ATL,away,1,2,3,1,CHI,3,3,SINGLEBACK,8.0,3,50.54,31.14,3.57,2.28,0.39,154.98,262.67,Devonta Freeman,24,5-8,206,Florida State,RB,53.54,28.164516672741478
2017091001,2017,CHI,ATL,ATL,away,1,2,1,20,CHI,3,3,SINGLEBACK,6.0,7,81.68,25.449999999999996,4.64,1.75,0.5,180.86,67.62,Tevin Coleman,26,6-1,210,Indiana,RB,88.68,31.922752971566204
2017091001,2017,CHI,ATL,ATL,away,1,2,1,5,CHI,3,3,SINGLEBACK,7.0,5,18.93,22.03,4.04,1.75,0.42,179.69,233.74,Devonta Freeman,24,5-8,206,Florida State,RB,23.93,17.998293055087373
2017091001,2017,CHI,ATL,CHI,home,1,2,1,10,CHI,3,10,SINGLEBACK,8.0,3,30.34,16.81,5.02,1.06,0.54,25.33,148.77,Jordan Howard,24,6-0,224,Indiana,RB,33.34,18.365424418065864
2017091001,2017,CHI,ATL,CHI,home,1,2,2,7,CHI,3,10,SINGLEBACK,8.0,46,88.74,24.179999999999996,5.8,0.28,0.63,347.27,-176.49,Tarik Cohen,29,5-6,191,North Carolina A&T,RB,134.74,21.363753684447953
2017091001,2017,CHI,ATL,CHI,home,1,2,1,10,ATL,3,10,SINGLEBACK,8.0,4,79.47,20.64,3.65,4.71,0.44,5.49,91.52,Jordan Howard,24,6-0,224,Indiana,RB,83.47,24.63859250637766
2017091001,2017,CHI,ATL,CHI,home,1,2,2,6,ATL,3,10,SINGLEBACK,7.0,2,83.36,24.5,4.19,2.73,0.48,14.01,98.11,Jordan Howard,24,6-0,224,Indiana,RB,85.36,26.47999810146717
2017091001,2017,CHI,ATL,CHI,home,1,2,1,10,ATL,3,10,SINGLEBACK,8.0,5,30.040000000000006,29.709999999999997,3.21,5.65,0.36,319.26,-156.41,Tarik Cohen,29,5-6,191,North Carolina A&T,RB,35.040000000000006,27.709054545038455
2017091001,2017,CHI,ATL,CHI,home,1,2,2,5,ATL,3,10,SHOTGUN,6.0,6,96.08,30.12,4.41,3.51,0.46,10.03,110.62,Jordan Howard,24,6-0,224,Indiana,RB,102.08,35.735619976855524
2017091001,2017,CHI,ATL,CHI,home,1,3,2,10,CHI,10,10,SINGLEBACK,7.0,9,89.54,17.35,6.41,0.89,0.66,152.36,210.76,Jordan Howard,24,6-0,224,Indiana,RB,98.54,12.747012342965927
2017091001,2017,CHI,ATL,CHI,home,1,3,3,1,CHI,10,10,I_FORM,9.0,7,42.629999999999995,28.539999999999996,3.4,2.15,0.37,199.47,123.89999999999998,Michael Burton,46,6-0,240,Rutgers,FB,49.629999999999995,34.35008599566757
2017091001,2017,CHI,ATL,CHI,home,1,3,1,10,CHI,10,10,SINGLEBACK,7.0,2,45.91,16.259999999999998,6.89,1.41,0.71,223.4,165.01999999999998,Jordan Howard,24,6-0,224,Indiana,RB,47.91,16.776963715242466
2017091001,2017,CHI,ATL,ATL,away,1,3,1,10,ATL,10,10,SINGLEBACK,7.0,0,94.32,18.259999999999998,6.57,2.63,0.63,307.65,-158.12,Devonta Freeman,24,5-8,206,Florida State,RB,94.32,18.259999999999998
2017091001,2017,CHI,ATL,CHI,home,1,3,1,10,CHI,10,10,SINGLEBACK,8.0,5,69.78,23.07,7.06,1.11,0.72,132.64,201.25,Jordan Howard,24,6-0,224,Indiana,RB,74.78,21.25780980858149
2017091001,2017,CHI,ATL,CHI,home,1,3,2,5,,10,10,I_FORM,7.0,1,55.69,26.159999999999997,5.04,1.35,0.5,208.96,142.51999999999998,Jordan Howard,24,6-0,224,Indiana,RB,56.69,26.76848445936808
2017091001,2017,CHI,ATL,ATL,away,1,3,1,10,ATL,10,10,I_FORM,7.0,1,89.4,23.97,6.43,0.54,0.62,334.01,-146.07999999999998,Tevin Coleman,26,6-1,210,Indiana,RB,90.4,23.41196519606183
2017091001,2017,CHI,ATL,ATL,away,1,3,2,9,ATL,10,10,I_FORM,6.0,6,87.6,25.099999999999998,4.24,0.86,0.51,350.18,-76.33,Devonta Freeman,24,5-8,206,Florida State,RB,93.6,19.269962030135453
2017091001,2017,CHI,ATL,ATL,away,1,3,2,8,ATL,10,10,SINGLEBACK,6.0,0,73.85,24.74,3.05,3.81,0.41,345.64,-115.22,Devonta Freeman,24,5-8,206,Florida State,RB,73.85,24.74
2017091001,2017,CHI,ATL,ATL,away,1,3,1,20,CHI,10,10,SINGLEBACK,6.0,6,33.66,25.299999999999997,4.3,3.31,0.47,352.91,-97.94,Devonta Freeman,24,5-8,206,Florida State,RB,39.66,19.35752039517836
2017091001,2017,CHI,ATL,CHI,home,1,3,1,10,CHI,10,13,SINGLEBACK,6.0,-3,85.56,23.51,5.92,1.9,0.63,120.15,192.74,Tarik Cohen,29,5-6,191,North Carolina A&T,RB,82.56,24.171581606938048
2017091001,2017,CHI,ATL,CHI,home,1,3,2,13,CHI,10,13,SHOTGUN,5.0,3,31.650000000000006,32.25,1.85,2.73,0.22,181.5,42.34,Tarik Cohen,29,5-6,191,North Carolina A&T,RB,34.650000000000006,34.270586128119206
2017091001,2017,CHI,ATL,CHI,home,1,3,1,10,CHI,10,13,I_FORM,9.0,2,70.52,23.15,4.7,3.68,0.53,150.97,237.17,Jordan Howard,24,6-0,224,Indiana,RB,72.52,21.469434298940083
2017091001,2017,CHI,ATL,ATL,away,1,4,1,10,CHI,17,20,I_FORM,7.0,-1,49.15,19.02,5.13,1.06,0.58,146.62,217.2,Devonta Freeman,24,5-8,206,Florida State,RB,48.15,19.624599114862374
2017091001,2017,CHI,ATL,ATL,away,1,4,1,10,CHI,17,20,SINGLEBACK,6.0,0,82.66,24.859999999999996,4.78,1.94,0.55,208.7,134.63,Tevin Coleman,26,6-1,210,Indiana,RB,82.66,24.859999999999996
2017091002,2017,CIN,BAL,CIN,home,1,1,2,10,CIN,0,0,SINGLEBACK,7.0,12,29.47,26.73,4.27,2.63,0.5,94.0,129.17,Jeremy Hill,32,6-1,230,LSU,RB,41.47,36.03330374676436
2017091002,2017,CIN,BAL,CIN,home,1,1,1,10,CIN,0,0,SINGLEBACK,6.0,1,41.8,23.67,5.32,2.4,0.57,111.16,148.38,Jeremy Hill,32,6-1,230,LSU,RB,42.8,24.194283182827572
2017091002,2017,CIN,BAL,BLT,away,1,1,1,10,BLT,0,0,SINGLEBACK,7.0,-1,78.41,28.16,2.67,1.18,0.35,172.12,266.36,Terrance West,28,5-10,225,Towson,RB,77.41,29.157982649166588
2017091002,2017,CIN,BAL,BLT,away,1,1,2,6,BLT,0,0,SINGLEBACK,7.0,7,46.17,21.619999999999997,4.34,3.3,0.48,188.21,116.76999999999998,Terrance West,28,5-10,225,Towson,RB,53.17,27.86975242511099
2017091002,2017,CIN,BAL,BLT,away,1,1,1,10,CIN,0,0,SINGLEBACK,8.0,1,63.17,29.01,3.72,2.94,0.44,158.86,232.25,Terrance West,28,5-10,225,Towson,RB,64.17,28.219310426256158
2017091002,2017,CIN,BAL,BLT,away,1,1,1,10,CIN,0,0,I_FORM,8.0,0,51.6,24.49,2.21,3.19,0.22,167.0,233.25,Javorius Allen,37,6-0,222,Southern California,RB,51.6,24.49
2017091002,2017,CIN,BAL,BLT,away,1,1,2,10,CIN,0,0,I_FORM,6.0,4,23.96,23.51,4.2,3.13,0.48,172.39,280.81,Danny Woodhead,39,5-8,200,Chadron State,RB,27.96,19.58098187376479
2017091002,2017,CIN,BAL,CIN,home,1,1,1,10,CIN,0,3,I_FORM,8.0,1,29.36,24.46,4.53,1.98,0.5,17.0,140.12,Joe Mixon,28,6-1,220,Oklahoma,HB,30.36,25.101181801339138
2017091002,2017,CIN,BAL,CIN,home,1,1,1,10,CIN,0,3,SHOTGUN,6.0,8,40.14,22.6,4.74,3.2,0.47,64.92,179.14,Joe Mixon,28,6-1,220,Oklahoma,HB,48.14,22.720074143733793
2017091002,2017,CIN,BAL,CIN,home,1,1,2,2,CIN,0,3,SINGLEBACK,7.0,1,47.82,20.45,4.78,2.57,0.48,19.91,136.22,Joe Mixon,28,6-1,220,Oklahoma,HB,48.82,21.141891189859944
2017091002,2017,CIN,BAL,BLT,away,1,1,1,10,BLT,0,3,SHOTGUN,7.0,4,67.24,28.58,5.09,4.22,0.54,126.15,186.22,Terrance West,28,5-10,225,Towson,RB,71.24,28.14661450691623
2017091002,2017,CIN,BAL,CIN,home,1,2,1,10,CIN,0,3,SINGLEBACK,7.0,2,96.84,26.52,5.25,3.93,0.51,133.73,204.82,Giovani Bernard,25,5-9,205,North Carolina,HB,98.84,25.680462137994446
2017091002,2017,CIN,BAL,CIN,home,1,2,1,10,CIN,0,3,SHOTGUN,6.0,23,40.599999999999994,30.089999999999996,3.29,2.84,0.52,209.3,147.67000000000002,Giovani Bernard,25,5-9,205,North Carolina,HB,63.599999999999994,42.390281646201515
2017091002,2017,CIN,BAL,CIN,home,1,2,1,10,BLT,0,3,SHOTGUN,6.0,3,56.12,29.8,3.23,2.67,0.55,148.61,225.28,Giovani Bernard,25,5-9,205,North Carolina,HB,59.12,27.668338301489513
2017091002,2017,CIN,BAL,CIN,home,1,2,2,7,BLT,0,3,SINGLEBACK,7.0,1,65.72999999999999,27.74,3.72,1.43,0.45,187.97,120.13999999999999,Jeremy Hill,32,6-1,230,LSU,RB,66.72999999999999,28.604801089222097
2017091002,2017,CIN,BAL,CIN,home,1,2,1,10,BLT,0,3,SINGLEBACK,7.0,1,26.78,25.01,3.64,2.13,0.45,177.74,292.55,Giovani Bernard,25,5-9,205,North Carolina,HB,27.78,24.086454773527937
2017091002,2017,CIN,BAL,CIN,home,1,2,2,9,BLT,0,3,SHOTGUN,6.0,2,25.49,29.06,2.82,2.44,0.53,145.78,214.68,Giovani Bernard,25,5-9,205,North Carolina,HB,27.49,27.922014987309304
2017091002,2017,CIN,BAL,BLT,away,1,2,2,10,BLT,0,3,SHOTGUN,6.0,4,88.61,23.909999999999997,3.66,3.21,0.5,327.82,-139.75,Terrance West,28,5-10,225,Towson,RB,92.61,21.325504081428143
2017091002,2017,CIN,BAL,CIN,home,1,2,1,10,CIN,0,3,SINGLEBACK,7.0,7,44.370000000000005,23.319999999999997,3.01,2.5,0.54,194.58,86.19999999999999,Jeremy Hill,32,6-1,230,LSU,RB,51.370000000000005,30.304610278044347
2017091002,2017,CIN,BAL,BLT,away,1,2,1,10,BLT,0,3,I_FORM,7.0,1,91.48,19.89,4.77,2.13,0.51,316.16,-135.38,Terrance West,28,5-10,225,Towson,RB,92.48,19.187598445810245
2017091002,2017,CIN,BAL,BLT,away,1,2,2,9,BLT,0,3,SINGLEBACK,6.0,10,28.24,28.61,2.43,2.9,0.45,0.92,97.78,Terrance West,28,5-10,225,Towson,RB,38.239999999999995,38.51795153782376
2017091002,2017,CIN,BAL,BLT,away,1,2,1,10,BLT,0,3,SINGLEBACK,6.0,4,67.03999999999999,29.99,3.53,3.48,0.51,352.29,-82.36,Javorius Allen,37,6-0,222,Southern California,RB,71.03999999999999,26.025508134691343
2017091002,2017,CIN,BAL,BLT,away,1,2,1,16,BLT,0,3,SINGLEBACK,6.0,1,72.63,30.019999999999996,2.54,1.61,0.44,339.48,-81.72,Javorius Allen,37,6-0,222,Southern California,RB,73.63,29.030423881397343
2017091002,2017,CIN,BAL,CIN,home,1,2,1,10,CIN,0,10,SHOTGUN,7.0,4,18.480000000000004,23.159999999999997,4.71,3.95,0.49,229.85,179.19,Giovani Bernard,25,5-9,205,North Carolina,HB,22.480000000000004,23.21654678415213
2017091002,2017,CIN,BAL,BLT,away,1,2,1,2,CIN,0,10,JUMBO,10.0,2,17.040000000000006,22.33,3.82,2.76,0.49,347.35,-105.34,Terrance West,28,5-10,225,Towson,RB,19.040000000000006,20.401254069450374
2017091002,2017,CIN,BAL,CIN,home,1,2,2,10,CIN,0,17,SHOTGUN,6.0,5,89.36,27.52,1.5,2.13,0.22,162.74,247.14,Giovani Bernard,25,5-9,205,North Carolina,HB,94.36,22.91271579589251
2017091002,2017,CIN,BAL,BLT,away,1,2,1,10,BLT,0,17,SINGLEBACK,6.0,7,78.95,21.49,3.62,2.8,0.29,336.62,-145.29,Javorius Allen,37,6-0,222,Southern California,RB,85.95,17.504038958252632
2017091002,2017,CIN,BAL,BLT,away,1,2,3,13,BLT,0,17,SHOTGUN,4.0,17,39.24,30.95,3.05,3.51,0.48,7.35,128.27,Javorius Allen,37,6-0,222,Southern California,RB,56.24,44.29671323424496
2017091002,2017,CIN,BAL,BLT,away,1,3,1,10,BLT,0,17,I_FORM,7.0,2,88.4,27.1,7.8,1.47,0.81,89.87,177.05,Michael Campanaro,12,5-9,191,Wake Forest,WR,90.4,27.20292893551209
2017091002,2017,CIN,BAL,CIN,home,1,3,1,10,BLT,0,17,SHOTGUN,7.0,3,79.28,22.32,1.16,1.85,0.29,3.03,103.96,Jeremy Hill,32,6-1,230,LSU,RB,82.28,25.23139314945461
2017091002,2017,CIN,BAL,CIN,home,1,3,1,10,BLT,0,17,SHOTGUN,6.0,2,28.72,27.81,2.74,2.75,0.29,357.38,-18.80000000000001,Jeremy Hill,32,6-1,230,LSU,RB,30.72,27.165468609538976
2017091002,2017,CIN,BAL,BLT,away,1,3,1,10,BLT,0,17,SINGLEBACK,7.0,7,103.43,20.0,5.22,2.25,0.58,124.26,212.23,Terrance West,28,5-10,225,Towson,RB,110.43,16.26676511902536
2017091002,2017,CIN,BAL,BLT,away,1,3,2,3,BLT,0,17,I_FORM,7.0,2,96.5,21.99,3.31,2.31,0.47,168.29,251.8,Terrance West,28,5-10,225,Towson,RB,98.5,20.090055896950695
2017091002,2017,CIN,BAL,BLT,away,1,3,3,1,BLT,0,17,SINGLEBACK,7.0,7,96.91,23.09,3.22,3.15,0.54,150.96,188.81,Terrance West,28,5-10,225,Towson,RB,103.91,22.017891813597362
2017091002,2017,CIN,BAL,BLT,away,1,3,1,10,BLT,0,17,SHOTGUN,6.0,6,70.94,23.92,3.71,3.32,0.55,137.58,227.2,Javorius Allen,37,6-0,222,Southern California,RB,76.94,19.517620812982745
2017091002,2017,CIN,BAL,BLT,away,1,3,2,4,BLT,0,17,I_FORM,7.0,3,65.86,24.22,3.14,2.69,0.59,166.49,270.22,Javorius Allen,37,6-0,222,Southern California,RB,68.86,21.220022115197505
2017091002,2017,CIN,BAL,BLT,away,1,3,3,1,CIN,0,17,I_FORM,8.0,2,57.74,27.699999999999996,3.53,2.45,0.41,185.62,123.82999999999998,Terrance West,28,5-10,225,Towson,RB,59.74,29.361386159349873
2017091002,2017,CIN,BAL,BLT,away,1,3,1,10,CIN,0,17,SINGLEBACK,6.0,2,60.58,25.6,3.79,1.08,0.46,157.58,234.09,Terrance West,28,5-10,225,Towson,RB,62.58,23.980121426348003
2017091002,2017,CIN,BAL,BLT,away,1,3,2,8,CIN,0,17,I_FORM,7.0,4,58.57,27.64,4.26,2.68,0.48,176.47,237.06,Javorius Allen,37,6-0,222,Southern California,RB,62.57,24.283038189390474
2017091002,2017,CIN,BAL,BLT,away,1,3,3,4,CIN,0,17,SHOTGUN,6.0,6,54.47,26.34,1.58,3.19,0.0,141.19,218.59,Javorius Allen,37,6-0,222,Southern California,RB,60.47,22.597540883077833
2017091002,2017,CIN,BAL,BLT,away,1,3,1,10,CIN,0,17,I_FORM,8.0,0,49.51,20.77,5.01,3.56,0.52,124.33,199.85,Javorius Allen,37,6-0,222,Southern California,RB,49.51,20.77
2017091002,2017,CIN,BAL,BLT,away,1,3,2,10,CIN,0,17,SINGLEBACK,6.0,4,71.78,29.259999999999998,3.07,2.41,0.35,182.41,85.22000000000003,Terrance West,28,5-10,225,Towson,RB,75.78,33.246088030466545
2017091002,2017,CIN,BAL,BLT,away,1,3,1,10,CIN,0,17,SHOTGUN,6.0,7,82.4,31.97,2.1,2.76,0.33,188.14,65.16999999999999,Javorius Allen,37,6-0,222,Southern California,RB,89.4,38.322904106569865
2017091002,2017,CIN,BAL,BLT,away,1,3,2,3,CIN,0,17,I_FORM,8.0,1,89.02,28.24,4.11,2.8,0.46,187.21,116.64999999999998,Javorius Allen,37,6-0,222,Southern California,RB,90.02,29.133763152903363
2017091002,2017,CIN,BAL,BLT,away,1,3,2,10,CIN,0,17,SINGLEBACK,7.0,3,93.0,20.059999999999995,5.02,4.13,0.54,207.01,166.88,Terrance West,28,5-10,225,Towson,RB,96.0,20.740973826112544
2017091002,2017,CIN,BAL,BLT,away,1,3,1,10,BLT,0,20,SINGLEBACK,8.0,11,19.25,22.359999999999996,3.21,3.05,0.33,181.95,136.64,Terrance West,28,5-10,225,Towson,RB,30.25,29.912381084553495
2017091002,2017,CIN,BAL,BLT,away,1,4,1,10,BLT,0,20,I_FORM,7.0,2,90.68,29.33,2.42,2.51,0.33,338.02,-129.24,Terrance West,28,5-10,225,Towson,RB,92.68,27.78099387960253
2017091002,2017,CIN,BAL,BLT,away,1,4,2,8,BLT,0,20,SINGLEBACK,7.0,-3,87.81,23.619999999999997,5.2,3.9,0.53,314.13,-157.48,Javorius Allen,37,6-0,222,Southern California,RB,84.81,24.769017711516444
2017091002,2017,CIN,BAL,BLT,away,1,4,3,16,BLT,0,20,SHOTGUN,4.0,4,24.93,31.45,2.04,2.46,0.05,0.93,110.29,Javorius Allen,37,6-0,222,Southern California,RB,28.93,35.2017978880834
2017091002,2017,CIN,BAL,CIN,home,1,4,2,10,BLT,0,20,SHOTGUN,7.0,1,61.39,31.049999999999997,1.7,1.99,0.2,184.17,124.11000000000001,Joe Mixon,28,6-1,220,Oklahoma,HB,62.39,31.877962472047205
2017091002,2017,CIN,BAL,BLT,away,1,4,1,10,BLT,0,20,SINGLEBACK,6.0,4,10.88,25.88,4.42,3.45,0.44,25.15,164.2,Terrance West,28,5-10,225,Towson,RB,14.88,26.9691209881623
2017091002,2017,CIN,BAL,BLT,away,1,4,2,11,BLT,0,20,I_FORM,7.0,8,108.88,27.599999999999998,3.36,2.63,0.42,349.09,-104.6,Terrance West,28,5-10,225,Towson,RB,116.88,19.858326636144227
2017091002,2017,CIN,BAL,BLT,away,1,4,3,3,BLT,0,20,SHOTGUN,7.0,-2,99.63,31.679999999999996,2.38,2.0,0.01,327.74,-167.76,Javorius Allen,37,6-0,222,Southern California,RB,97.63,32.1040142198441
2017091002,2017,CIN,BAL,BLT,away,1,4,1,10,BLT,0,20,I_FORM,8.0,-1,101.66,24.479999999999997,2.68,1.9,0.4,356.07,-55.64,Javorius Allen,37,6-0,222,Southern California,RB,100.66,25.3055077185461
2017091002,2017,CIN,BAL,BLT,away,1,4,2,11,BLT,0,20,I_FORM,8.0,2,102.23,25.679999999999996,4.42,3.39,0.44,342.7,-132.76,Javorius Allen,37,6-0,222,Southern California,RB,104.23,24.211591949655656
2017091002,2017,CIN,BAL,BLT,away,1,4,3,9,BLT,0,20,SHOTGUN,6.0,8,99.38,26.929999999999996,3.28,3.0,0.63,322.36,-138.38,Javorius Allen,37,6-0,222,Southern California,RB,107.38,21.61650237620296
2017091002,2017,CIN,BAL,CIN,home,1,4,1,10,CIN,0,20,SINGLEBACK,6.0,3,46.629999999999995,20.029999999999994,5.03,3.05,0.49,215.32,138.95,Joe Mixon,28,6-1,220,Oklahoma,HB,49.629999999999995,22.000152162355185
2017091002,2017,CIN,BAL,CIN,home,1,4,1,10,,0,20,SINGLEBACK,7.0,4,54.45,22.289999999999996,3.28,2.34,0.36,184.04,107.04000000000002,Joe Mixon,28,6-1,220,Oklahoma,HB,58.45,26.114401635913886
2017091002,2017,CIN,BAL,BLT,away,1,4,1,10,BLT,0,20,SINGLEBACK,8.0,-2,71.64,26.639999999999997,3.79,1.55,0.51,316.41,-144.31,Javorius Allen,37,6-0,222,Southern California,RB,69.64,27.80679893431108
2017091002,2017,CIN,BAL,BLT,away,1,4,2,12,BLT,0,20,I_FORM,8.0,7,73.09,21.499999999999996,4.09,2.47,0.49,359.14,-132.2,Javorius Allen,37,6-0,222,Southern California,RB,80.09,16.314367825992747
2017091002,2017,CIN,BAL,BLT,away,1,4,3,5,BLT,0,20,I_FORM,8.0,2,65.65,25.049999999999997,4.45,2.94,0.49,356.88,-57.92,Javorius Allen,37,6-0,222,Southern California,RB,67.65,23.35538527426837
2017091002,2017,CIN,BAL,CIN,home,1,4,1,10,CIN,0,20,I_FORM,8.0,-4,16.78,21.089999999999996,3.79,2.77,0.44,198.28,149.04000000000002,Joe Mixon,28,6-1,220,Oklahoma,HB,12.780000000000001,19.03224186487397
2017091002,2017,CIN,BAL,CIN,home,1,4,2,14,CIN,0,20,SINGLEBACK,7.0,-5,105.91,23.83,4.82,2.68,0.53,137.3,177.06,Joe Mixon,28,6-1,220,Oklahoma,HB,100.91,23.573549173328328
2017091003,2017,CLE,PIT,CLV,home,1,1,2,9,CLV,0,0,SHOTGUN,6.0,-9,31.02,23.27,4.27,3.61,0.53,48.71,178.68,Isaiah Crowell,34,5-11,225,Alabama State,RB,22.02,23.062673226311542
2017091003,2017,CLE,PIT,CLV,home,1,1,3,23,CLV,0,0,SHOTGUN,5.0,4,103.73,30.089999999999996,1.23,3.37,0.16,260.7,-92.7,Isaiah Crowell,34,5-11,225,Alabama State,RB,107.73,26.094440500152118
2017091003,2017,CLE,PIT,CLV,home,1,1,1,10,CLV,0,7,JUMBO,7.0,5,88.22,27.65,4.05,3.02,0.48,339.8,-91.41,Isaiah Crowell,34,5-11,225,Alabama State,RB,93.22,22.651513948323206
2017091003,2017,CLE,PIT,CLV,home,1,1,2,5,CLV,0,7,PISTOL,6.0,3,34.55,22.97,4.93,3.74,0.52,87.34,163.67,Isaiah Crowell,34,5-11,225,Alabama State,RB,37.55,23.813507669900993
2017091003,2017,CLE,PIT,CLV,home,1,1,2,12,CLV,0,7,SHOTGUN,6.0,1,91.47,29.979999999999997,3.26,2.14,0.45,316.71,-141.57,Isaiah Crowell,34,5-11,225,Alabama State,RB,92.47,29.35844196395133
2017091003,2017,CLE,PIT,CLV,home,1,1,1,10,CLV,0,7,PISTOL,7.0,2,83.77000000000001,20.089999999999996,4.11,2.14,0.49,301.38,-147.79,Isaiah Crowell,34,5-11,225,Alabama State,RB,85.77000000000001,19.02395208695524
2017091003,2017,CLE,PIT,CLV,home,1,1,1,10,CLV,0,7,SHOTGUN,6.0,6,66.03,29.81,3.83,3.49,0.47,329.88,-118.28999999999999,Isaiah Crowell,34,5-11,225,Alabama State,RB,72.03,24.526639495398605
2017091003,2017,CLE,PIT,CLV,home,1,1,2,2,PIT,0,7,SHOTGUN,6.0,3,47.93000000000001,27.979999999999997,3.7,2.42,0.42,333.7,-123.38,Matt Dayes,27,5-9,205,North Carolina State,RB,50.93000000000001,25.474880100724008
2017091003,2017,CLE,PIT,CLV,home,1,1,1,10,PIT,0,7,SHOTGUN,6.0,1,44.260000000000005,26.599999999999998,3.29,0.82,0.43,319.48,-118.6,Isaiah Crowell,34,5-11,225,Alabama State,RB,45.260000000000005,25.72201702457202
2017091003,2017,CLE,PIT,CLV,home,1,1,1,3,PIT,0,7,JUMBO,8.0,2,16.400000000000006,30.279999999999998,3.41,2.68,0.45,189.74,-85.55,Isaiah Crowell,34,5-11,225,Alabama State,RB,18.400000000000006,28.286029154792182
2017091003,2017,CLE,PIT,PIT,away,1,1,2,10,PIT,7,7,SINGLEBACK,6.0,0,29.28,25.159999999999997,3.18,1.71,0.42,195.99,132.02999999999997,Le'Veon Bell,26,6-1,225,Michigan State,RB,29.28,25.159999999999997
2017091003,2017,CLE,PIT,PIT,away,1,2,2,15,PIT,7,7,SHOTGUN,5.0,3,76.77000000000001,31.609999999999996,0.8,2.11,0.26,292.23,-77.79,Le'Veon Bell,26,6-1,225,Michigan State,RB,79.77000000000001,28.67786301120651
2017091003,2017,CLE,PIT,CLV,home,1,2,1,10,CLV,7,7,SHOTGUN,6.0,-1,74.24,26.23,2.93,1.9,0.47,168.66,217.67,Isaiah Crowell,34,5-11,225,Alabama State,RB,73.24,26.84111267270487
2017091003,2017,CLE,PIT,PIT,away,1,2,1,10,PIT,7,7,I_FORM,7.0,1,109.33,30.379999999999995,3.59,2.29,0.43,342.9,-82.22,James Conner,30,6-1,233,Pittsburgh,RB,110.33,29.38920484621762
2017091003,2017,CLE,PIT,PIT,away,1,2,3,1,PIT,7,7,SINGLEBACK,7.0,0,93.85,24.889999999999997,3.44,1.27,0.4,354.96,-74.89,Le'Veon Bell,26,6-1,225,Michigan State,RB,93.85,24.889999999999997
2017091003,2017,CLE,PIT,CLV,home,1,2,1,10,PIT,7,7,SINGLEBACK,7.0,1,56.73,26.24,4.99,4.11,0.55,139.89,195.4,Isaiah Crowell,34,5-11,225,Alabama State,RB,57.73,25.97444388251319
2017091003,2017,CLE,PIT,CLV,home,1,2,1,10,CLV,7,7,SHOTGUN,6.0,1,41.209999999999994,22.709999999999997,2.59,2.45,0.48,191.35,34.72,Isaiah Crowell,34,5-11,225,Alabama State,RB,42.209999999999994,23.279566471151355
2017091003,2017,CLE,PIT,CLV,home,1,2,2,9,CLV,7,7,SHOTGUN,6.0,3,43.06,30.169999999999998,2.85,2.44,0.31,191.91,111.62,Isaiah Crowell,34,5-11,225,Alabama State,RB,46.06,32.95894378860681
2017091003,2017,CLE,PIT,PIT,away,1,2,2,9,CLV,7,7,SHOTGUN,6.0,5,95.95,25.05,3.31,2.64,0.64,5.22,150.2,Le'Veon Bell,26,6-1,225,Michigan State,RB,100.95,27.534869805137777
2017091003,2017,CLE,PIT,CLV,home,1,2,1,10,CLV,7,14,SINGLEBACK,7.0,3,104.43,21.05,4.05,1.98,0.49,151.89,225.86,Matt Dayes,27,5-9,205,North Carolina State,RB,107.43,18.897079147953963
2017091003,2017,CLE,PIT,CLV,home,1,3,1,10,PIT,7,14,SINGLEBACK,6.0,4,52.8,29.919999999999998,2.59,2.87,0.32,314.68,-113.16,Isaiah Crowell,34,5-11,225,Alabama State,RB,56.8,26.242359445677785
2017091003,2017,CLE,PIT,CLV,home,1,3,1,10,PIT,7,14,SHOTGUN,6.0,2,94.45,29.96,3.52,2.7,0.36,35.67,153.42,Isaiah Crowell,34,5-11,225,Alabama State,RB,96.45,30.85489388371399
2017091003,2017,CLE,PIT,PIT,away,1,3,1,10,PIT,10,14,SHOTGUN,5.0,2,44.36,25.349999999999998,3.14,2.8,0.59,218.74,158.0,Le'Veon Bell,26,6-1,225,Michigan State,RB,46.36,26.099213186831822
2017091003,2017,CLE,PIT,PIT,away,1,3,1,8,CLV,10,14,SHOTGUN,6.0,1,23.3,31.97,1.59,2.06,0.15,177.2,245.68,Le'Veon Bell,26,6-1,225,Michigan State,RB,24.3,31.058740424497035
2017091003,2017,CLE,PIT,PIT,away,1,3,2,7,CLV,10,14,SHOTGUN,5.0,5,98.46000000000001,25.58,3.08,2.83,0.57,205.07,150.77999999999997,Le'Veon Bell,26,6-1,225,Michigan State,RB,103.46000000000001,28.020821683488343
2017091003,2017,CLE,PIT,CLV,home,1,3,1,10,,10,21,SHOTGUN,6.0,6,64.56,30.119999999999997,2.79,2.58,0.45,326.23,-117.03,Isaiah Crowell,34,5-11,225,Alabama State,RB,70.56,24.77538784084688
2017091003,2017,CLE,PIT,PIT,away,1,3,2,8,PIT,10,21,SHOTGUN,5.0,5,79.1,21.95,2.54,3.08,0.25,173.84,277.98,James Conner,30,6-1,233,Pittsburgh,RB,84.1,16.998417055065786
2017091003,2017,CLE,PIT,PIT,away,1,4,1,10,,10,21,SHOTGUN,5.0,4,65.38,25.289999999999996,3.53,3.52,0.6,332.6,-147.26,James Conner,30,6-1,233,Pittsburgh,RB,69.38,23.126689303479647
2017091003,2017,CLE,PIT,PIT,away,1,4,1,10,CLV,10,21,SHOTGUN,5.0,1,44.980000000000004,24.999999999999996,2.12,2.02,0.43,347.88,-113.69,James Conner,30,6-1,233,Pittsburgh,RB,45.980000000000004,24.08426726748589
2017091003,2017,CLE,PIT,PIT,away,1,4,1,10,PIT,10,21,I_FORM,6.0,1,93.2,25.439999999999998,3.09,2.81,0.44,346.6,-47.08000000000001,Le'Veon Bell,26,6-1,225,Michigan State,RB,94.2,24.707694762245865
2017091003,2017,CLE,PIT,PIT,away,1,4,3,21,PIT,10,21,SHOTGUN,4.0,0,36.56,24.95,2.08,1.32,0.47,16.33,114.71,Le'Veon Bell,26,6-1,225,Michigan State,RB,36.56,24.95
2017091003,2017,CLE,PIT,CLV,home,1,4,1,10,PIT,10,21,PISTOL,6.0,1,26.4,27.61,4.18,3.37,0.53,145.11,220.4,Matt Dayes,27,5-9,205,North Carolina State,RB,27.4,26.96188009893687
2017091003,2017,CLE,PIT,PIT,away,1,4,1,10,CLV,18,21,I_FORM,6.0,15,60.88,27.13,4.19,3.2,0.47,38.89,149.62,Le'Veon Bell,26,6-1,225,Michigan State,RB,75.88,34.71598988845774
2017091004,2017,DET,ARI,ARZ,away,1,1,2,6,ARZ,0,0,SINGLEBACK,6.0,2,87.1,28.66,3.65,2.23,0.43,169.85,257.64,David Johnson,31,6-1,224,Northern Iowa,RB,89.1,26.70635609229587
2017091004,2017,DET,ARI,ARZ,away,1,1,1,10,ARZ,0,0,SHOTGUN,7.0,-2,70.77,30.62,3.12,2.28,0.49,147.51,204.03,David Johnson,31,6-1,224,Northern Iowa,RB,68.77,31.43442983716488
2017091004,2017,DET,ARI,DET,home,1,1,1,10,ARZ,0,0,SINGLEBACK,6.0,5,40.849999999999994,25.49,5.86,4.26,0.6,299.66,-164.6,Ameer Abdullah,21,5-9,203,Nebraska,RB,45.849999999999994,24.162219412565953
2017091004,2017,DET,ARI,DET,home,1,1,1,10,DET,0,7,SINGLEBACK,7.0,0,19.05,20.56,5.34,3.9,0.56,42.42,162.05,Ameer Abdullah,21,5-9,203,Nebraska,RB,19.05,20.56
2017091004,2017,DET,ARI,ARZ,away,1,1,2,7,ARZ,0,7,SINGLEBACK,7.0,6,79.28,28.52,3.86,2.61,0.43,159.06,240.71,David Johnson,31,6-1,224,Northern Iowa,RB,85.28,23.287071964999058
2017091004,2017,DET,ARI,ARZ,away,1,1,3,1,ARZ,0,7,I_FORM,8.0,0,72.68,24.95,3.34,1.02,0.38,170.7,247.51,David Johnson,31,6-1,224,Northern Iowa,RB,72.68,24.95
2017091004,2017,DET,ARI,ARZ,away,1,1,1,10,DET,0,7,SINGLEBACK,7.0,1,92.41,28.029999999999998,3.54,2.01,0.4,194.05,133.57,David Johnson,31,6-1,224,Northern Iowa,RB,93.41,28.754532846101785
2017091004,2017,DET,ARI,ARZ,away,1,1,2,3,DET,0,7,PISTOL,7.0,1,19.32,31.42,3.15,2.93,0.41,179.47,281.49,David Johnson,31,6-1,224,Northern Iowa,RB,20.32,30.44004051403567
2017091004,2017,DET,ARI,DET,home,1,1,1,10,DET,0,10,SINGLEBACK,6.0,1,11.42,20.84,2.8,2.16,0.36,23.16,127.27,Ameer Abdullah,21,5-9,203,Nebraska,RB,12.42,21.63579066658302
2017091004,2017,DET,ARI,DET,home,1,1,1,10,DET,0,10,SINGLEBACK,7.0,-1,22.07,20.46,4.14,0.59,0.52,47.78,149.88,Theo Riddick,25,5-9,201,Notre Dame,RB,21.07,19.95818729858411
2017091004,2017,DET,ARI,DET,home,1,2,1,10,DET,0,10,SHOTGUN,6.0,3,76.61,28.1,3.52,3.01,0.5,154.24,209.27,Ameer Abdullah,21,5-9,203,Nebraska,RB,79.61,26.63322268915118
2017091004,2017,DET,ARI,ARZ,away,1,2,2,10,ARZ,0,10,SINGLEBACK,5.0,3,92.93,23.49,3.18,2.18,0.35,344.51,-117.64,David Johnson,31,6-1,224,Northern Iowa,RB,95.93,20.832360235061735
2017091004,2017,DET,ARI,DET,home,1,2,1,20,DET,0,10,SHOTGUN,6.0,5,52.83,25.889999999999997,2.8,3.05,0.23,181.04,134.87,Ameer Abdullah,21,5-9,203,Nebraska,RB,57.83,29.433546670500427
2017091004,2017,DET,ARI,DET,home,1,2,1,10,ARZ,0,10,SHOTGUN,6.0,5,43.4,24.79,3.31,3.15,0.61,162.81,250.68,Dwayne Washington,36,6-1,223,Washington,RB,48.4,20.07157238600815
2017091004,2017,DET,ARI,DET,home,1,2,2,4,ARZ,0,10,SHOTGUN,6.0,3,92.52,27.869999999999997,3.94,3.54,0.57,193.08,149.85000000000002,Ameer Abdullah,21,5-9,203,Nebraska,RB,95.52,29.376796599430115
2017091004,2017,DET,ARI,DET,home,1,2,3,1,ARZ,0,10,I_FORM,9.0,6,95.28999999999999,20.97,4.93,3.83,0.53,220.5,140.45999999999998,Dwayne Washington,36,6-1,223,Washington,RB,101.28999999999999,24.789700564850303
2017091004,2017,DET,ARI,DET,home,1,2,1,4,ARZ,0,10,PISTOL,7.0,-2,19.43,28.46,3.56,2.67,0.42,157.51,222.92,Ameer Abdullah,21,5-9,203,Nebraska,RB,17.43,29.821953066383514
2017091004,2017,DET,ARI,DET,home,1,2,1,10,DET,6,10,SINGLEBACK,8.0,-4,77.56,25.6,4.6,1.85,0.56,118.49,201.72,Ameer Abdullah,21,5-9,203,Nebraska,RB,73.56,27.080284252768795
2017091004,2017,DET,ARI,ARZ,away,1,2,2,10,DET,6,10,SHOTGUN,6.0,3,40.64,20.75,1.52,1.92,0.29,341.65,-165.96,David Johnson,31,6-1,224,Northern Iowa,RB,43.64,20.022202307613778
2017091004,2017,DET,ARI,DET,home,1,3,1,10,DET,9,10,PISTOL,6.0,0,28.78,24.339999999999996,3.59,2.37,0.43,190.03,120.01999999999998,Dwayne Washington,36,6-1,223,Washington,RB,28.78,24.339999999999996
2017091004,2017,DET,ARI,DET,home,1,3,1,10,DET,9,10,SHOTGUN,6.0,2,45.239999999999995,21.409999999999997,1.8,2.15,0.2,195.33,99.42000000000002,Ameer Abdullah,21,5-9,203,Nebraska,RB,47.239999999999995,23.383030179973623
2017091004,2017,DET,ARI,ARZ,away,1,3,1,10,ARZ,9,10,SINGLEBACK,6.0,3,108.95,27.959999999999997,3.71,2.99,0.38,337.69,-138.57999999999998,David Johnson,31,6-1,224,Northern Iowa,RB,111.95,25.97527901043802
2017091004,2017,DET,ARI,ARZ,away,1,3,1,10,ARZ,9,10,SINGLEBACK,6.0,4,30.41,28.48,3.84,2.83,0.43,19.22,96.05,Kerwynn Williams,33,5-8,198,Utah State,RB,34.41,32.457721193606815
2017091004,2017,DET,ARI,ARZ,away,1,3,1,10,ARZ,9,10,SINGLEBACK,7.0,10,73.18,26.179999999999996,7.57,2.87,0.78,252.71,167.55,John Brown,12,5-11,179,Pittsburg State,WR,83.18,28.335875526422324
2017091004,2017,DET,ARI,ARZ,away,1,3,1,3,DET,9,10,SINGLEBACK,8.0,3,102.86,31.09,4.04,3.92,0.44,18.81,95.45,Kerwynn Williams,33,5-8,198,Utah State,RB,105.86,34.076438381606756
2017091004,2017,DET,ARI,DET,home,1,3,1,10,DET,9,17,PISTOL,7.0,2,50.66,22.159999999999997,3.84,3.11,0.43,184.52,123.99000000000001,Ameer Abdullah,21,5-9,203,Nebraska,RB,52.66,23.81827031500155
2017091004,2017,DET,ARI,ARZ,away,1,3,1,10,ARZ,9,17,SINGLEBACK,6.0,5,93.86,25.169999999999998,3.87,2.73,0.39,327.34,-149.75,David Johnson,31,6-1,224,Northern Iowa,RB,98.86,22.651130114772364
2017091004,2017,DET,ARI,DET,home,1,3,1,10,ARZ,9,17,PISTOL,6.0,3,26.23,27.17,4.41,3.31,0.53,138.59,215.19,Dwayne Washington,36,6-1,223,Washington,RB,29.23,25.441130933895405
2017091004,2017,DET,ARI,ARZ,away,1,3,2,2,ARZ,15,17,SINGLEBACK,6.0,1,37.67,27.69,3.76,2.47,0.42,6.37,68.86,Kerwynn Williams,33,5-8,198,Utah State,RB,38.67,28.62270198230686
2017091004,2017,DET,ARI,ARZ,away,1,3,3,1,ARZ,15,17,SINGLEBACK,10.0,1,80.1,22.31,3.58,1.28,0.51,350.38,-102.66,Kerwynn Williams,33,5-8,198,Utah State,RB,81.1,21.334312212193893
2017091004,2017,DET,ARI,ARZ,away,1,3,1,15,ARZ,15,17,SINGLEBACK,7.0,1,34.64,30.72,3.11,1.73,0.35,16.78,79.65,Kerwynn Williams,33,5-8,198,Utah State,RB,35.64,31.703728628949534
2017091004,2017,DET,ARI,DET,home,1,4,1,10,ARZ,15,17,SINGLEBACK,6.0,4,70.51,20.19,5.56,3.77,0.56,51.14,159.44,Ameer Abdullah,21,5-9,203,Nebraska,RB,74.51,21.594752279521522
2017091004,2017,DET,ARI,DET,home,1,4,1,10,ARZ,15,17,SINGLEBACK,7.0,1,29.430000000000007,20.279999999999994,5.27,3.8,0.56,309.72,-157.38,Ameer Abdullah,21,5-9,203,Nebraska,RB,30.430000000000007,19.89538243959981
2017091004,2017,DET,ARI,DET,home,1,4,1,8,ARZ,15,17,PISTOL,6.0,-2,95.64,26.99,4.99,3.73,0.53,45.23,161.88,Ameer Abdullah,21,5-9,203,Nebraska,RB,93.64,26.367983593442634
2017091004,2017,DET,ARI,DET,home,1,4,1,10,DET,21,17,PISTOL,6.0,7,32.29,22.01,3.87,3.11,0.39,4.31,140.14,Ameer Abdullah,21,5-9,203,Nebraska,RB,39.29,26.49639725088139
2017091004,2017,DET,ARI,DET,home,1,4,2,3,DET,21,17,SINGLEBACK,7.0,5,80.39,26.419999999999998,4.58,3.32,0.52,315.48,-135.69,Ameer Abdullah,21,5-9,203,Nebraska,RB,85.39,22.927299066303718
2017091004,2017,DET,ARI,DET,home,1,4,1,10,ARZ,21,17,SINGLEBACK,7.0,1,60.98,29.79,6.09,1.43,0.69,75.13,182.89,Golden Tate,15,5-11,197,Notre Dame,WR,61.98,29.73958137010384
2017091004,2017,DET,ARI,DET,home,1,4,1,10,ARZ,35,23,SINGLEBACK,8.0,6,60.5,26.86,5.11,3.47,0.5,49.6,146.84,Dwayne Washington,36,6-1,223,Washington,RB,66.5,30.1418735104531
2017091004,2017,DET,ARI,DET,home,1,4,2,4,ARZ,35,23,SINGLEBACK,8.0,2,52.69,26.779999999999998,4.12,1.87,0.51,320.75,-141.7,Dwayne Washington,36,6-1,223,Washington,RB,54.69,25.540441936409717
2017091005,2017,HOU,JAX,JAX,away,1,1,1,15,JAX,0,0,SINGLEBACK,8.0,4,92.82,28.9,3.9,2.34,0.42,173.26,271.1,Leonard Fournette,27,6-0,228,Louisiana State,RB,96.82,24.90073715151342
2017091005,2017,HOU,JAX,JAX,away,1,1,2,11,JAX,0,0,I_FORM,7.0,9,88.02,24.54,5.08,2.03,0.48,153.3,235.26,Leonard Fournette,27,6-0,228,Louisiana State,RB,97.02,17.14428232233369
2017091005,2017,HOU,JAX,HST,home,1,1,1,10,HST,0,3,SINGLEBACK,8.0,1,89.94,19.72,5.67,3.07,0.57,335.32,-144.47,Lamar Miller,26,5-10,221,Miami (Fla.),RB,90.94,19.138870854021434
2017091005,2017,HOU,JAX,JAX,away,1,1,1,10,JAX,0,3,SINGLEBACK,8.0,3,76.25,28.34,3.81,2.5,0.44,179.7,265.14,Leonard Fournette,27,6-0,228,Louisiana State,RB,79.25,25.35078594306622
2017091005,2017,HOU,JAX,JAX,away,1,1,2,7,JAX,0,3,SINGLEBACK,8.0,2,74.21,28.27,4.52,2.95,0.46,171.13,262.62,Leonard Fournette,27,6-0,228,Louisiana State,RB,76.21,26.286567879778875
2017091005,2017,HOU,JAX,HST,home,1,1,1,10,HST,0,3,I_FORM,7.0,6,94.61,21.699999999999996,4.25,3.48,0.46,357.95,-93.52,Tyler Ervin,34,5-10,185,San Jose State,RB,100.61,15.7113194340875
2017091005,2017,HOU,JAX,HST,home,1,1,1,10,HST,0,3,SINGLEBACK,7.0,6,81.21000000000001,26.609999999999996,4.88,3.02,0.5,329.88,-134.03,Lamar Miller,26,5-10,221,Miami (Fla.),RB,87.21000000000001,22.29614412313502
2017091005,2017,HOU,JAX,HST,home,1,1,2,4,HST,0,3,SINGLEBACK,7.0,-1,75.5,19.809999999999995,5.82,4.1,0.56,310.55,-157.41,Lamar Miller,26,5-10,221,Miami (Fla.),RB,74.5,20.194134186227696
2017091005,2017,HOU,JAX,HST,home,1,1,1,10,,0,3,SINGLEBACK,8.0,-1,54.87,28.04,3.04,1.98,0.4,16.94,91.72,Lamar Miller,26,5-10,221,Miami (Fla.),RB,53.87,27.040450556249795
2017091005,2017,HOU,JAX,JAX,away,1,1,1,10,JAX,0,3,I_FORM,7.0,11,87.03,22.25,4.69,3.86,0.48,177.29,263.35,Leonard Fournette,27,6-0,228,Louisiana State,RB,98.03,11.324007056426687
2017091005,2017,HOU,JAX,JAX,away,1,1,1,10,JAX,0,3,SINGLEBACK,8.0,6,44.47,28.49,4.3,2.33,0.45,192.59,101.95999999999998,Leonard Fournette,27,6-0,228,Louisiana State,RB,50.47,34.35975507257427
2017091005,2017,HOU,JAX,JAX,away,1,1,1,10,HST,0,3,I_FORM,8.0,17,67.4,26.439999999999998,5.02,3.67,0.55,223.2,147.8,Chris Ivory,33,6-0,223,Tiffin University,RB,84.4,35.498896693202404
2017091005,2017,HOU,JAX,JAX,away,1,1,1,20,HST,0,3,SHOTGUN,7.0,12,75.46000000000001,24.409999999999997,2.94,3.12,0.51,186.56,144.94,Chris Ivory,33,6-0,223,Tiffin University,RB,87.46000000000001,31.303207228527867
2017091005,2017,HOU,JAX,JAX,away,1,1,1,9,HST,0,3,SHOTGUN,7.0,-1,96.89,24.49,2.89,2.18,0.61,205.87,140.49,Leonard Fournette,27,6-0,228,Louisiana State,RB,95.89,23.85378711551525
2017091005,2017,HOU,JAX,JAX,away,1,1,2,10,HST,0,3,SINGLEBACK,7.0,3,95.53999999999999,21.58,3.7,3.57,0.42,180.45,85.24000000000001,Leonard Fournette,27,6-0,228,Louisiana State,RB,98.53999999999999,24.56965310368176
2017091005,2017,HOU,JAX,HST,home,1,2,1,10,HST,0,6,SHOTGUN,6.0,-2,83.45,23.72,3.13,1.95,0.43,151.87,202.47,Tyler Ervin,34,5-10,185,San Jose State,RB,81.45,24.484399275475504
2017091005,2017,HOU,JAX,JAX,away,1,2,1,5,JAX,0,6,I_FORM,7.0,-1,85.14,27.74,2.9,2.52,0.41,355.59,-96.87,Leonard Fournette,27,6-0,228,Louisiana State,RB,84.14,28.73282010934326
2017091005,2017,HOU,JAX,JAX,away,1,2,2,6,JAX,0,6,SHOTGUN,8.0,4,34.89,23.96,3.07,2.17,0.41,8.29,119.69,Leonard Fournette,27,6-0,228,Louisiana State,RB,38.89,27.43487190023382
2017091005,2017,HOU,JAX,HST,home,1,2,1,10,HST,0,6,SINGLEBACK,7.0,4,38.89,24.259999999999998,4.13,2.78,0.43,186.46,89.79000000000002,D'Onta Foreman,27,6-1,236,Texas,RB,42.89,28.25997313277365
2017091005,2017,HOU,JAX,JAX,away,1,2,1,10,JAX,0,6,SINGLEBACK,7.0,4,24.47,27.78,4.32,2.92,0.46,5.61,110.52,Leonard Fournette,27,6-0,228,Louisiana State,RB,28.47,31.52619954699277
2017091005,2017,HOU,JAX,JAX,away,1,2,2,6,JAX,0,6,SHOTGUN,7.0,-1,28.44,27.02,2.81,1.74,0.51,10.91,146.24,Leonard Fournette,27,6-0,228,Louisiana State,RB,27.44,26.464284656619302
2017091005,2017,HOU,JAX,HST,home,1,2,1,10,JAX,0,6,SINGLEBACK,7.0,3,59.05,20.709999999999994,4.87,2.81,0.5,200.72,117.33999999999997,Lamar Miller,26,5-10,221,Miami (Fla.),RB,62.05,23.374890455010377
2017091005,2017,HOU,JAX,JAX,away,1,2,2,4,HST,0,6,SINGLEBACK,7.0,4,61.68,26.019999999999996,3.9,2.39,0.47,356.41,-81.07,Leonard Fournette,27,6-0,228,Louisiana State,RB,65.68,22.06848510329259
2017091005,2017,HOU,JAX,JAX,away,1,2,1,10,HST,0,6,SINGLEBACK,8.0,2,30.47,28.659999999999997,3.87,1.92,0.45,341.62,-99.1,Chris Ivory,33,6-0,223,Tiffin University,RB,32.47,26.685172386498174
2017091005,2017,HOU,JAX,JAX,away,1,2,2,8,HST,0,6,I_FORM,8.0,4,91.27,21.66,4.61,2.67,0.49,14.51,100.14,Leonard Fournette,27,6-0,228,Louisiana State,RB,95.27,25.597522043984746
2017091005,2017,HOU,JAX,JAX,away,1,2,1,5,HST,0,6,SINGLEBACK,8.0,3,101.01,24.04,4.05,2.55,0.44,3.3,83.63,Leonard Fournette,27,6-0,228,Louisiana State,RB,104.01,27.021478443792383
2017091005,2017,HOU,JAX,JAX,away,1,2,2,2,HST,0,6,JUMBO,10.0,1,104.94,23.3,3.36,2.13,0.6,0.19,101.81,Leonard Fournette,27,6-0,228,Louisiana State,RB,105.94,24.278831682558746
2017091005,2017,HOU,JAX,JAX,away,1,2,3,1,HST,0,6,JUMBO,10.0,0,106.78,23.22,2.22,0.64,0.44,6.78,110.19,Tommy Bohanon,40,6-1,246,Wake Forest,FB,106.78,23.22
2017091005,2017,HOU,JAX,JAX,away,1,2,4,1,HST,0,6,JUMBO,10.0,1,13.870000000000005,29.289999999999996,4.31,1.57,0.52,352.29,-94.59,Leonard Fournette,27,6-0,228,Louisiana State,RB,14.870000000000005,28.293207139372768
2017091005,2017,HOU,JAX,HST,home,1,2,1,10,HST,0,19,SHOTGUN,6.0,7,30.75,30.439999999999998,2.96,2.33,0.33,192.75,130.86,Lamar Miller,26,5-10,221,Miami (Fla.),RB,37.75,35.7341726617603
2017091005,2017,HOU,JAX,HST,home,1,3,1,10,HST,0,19,SHOTGUN,7.0,7,31.45,29.97,4.58,3.31,0.46,27.83,139.87,Lamar Miller,26,5-10,221,Miami (Fla.),RB,38.45,34.481668373498735
2017091005,2017,HOU,JAX,HST,home,1,3,2,3,HST,0,19,SHOTGUN,7.0,0,37.7,24.24,3.18,0.88,0.32,28.46,146.57,Lamar Miller,26,5-10,221,Miami (Fla.),RB,37.7,24.24
2017091005,2017,HOU,JAX,HST,home,1,3,1,10,HST,0,19,SINGLEBACK,7.0,2,44.63,21.31,4.56,2.74,0.46,30.37,126.08,Lamar Miller,26,5-10,221,Miami (Fla.),RB,46.63,22.926391005991654
2017091005,2017,HOU,JAX,HST,home,1,3,1,10,,0,19,SHOTGUN,7.0,7,63.84,29.599999999999998,4.03,3.1,0.42,337.99,-138.63,Lamar Miller,26,5-10,221,Miami (Fla.),RB,70.84,24.973566877830557
2017091005,2017,HOU,JAX,HST,home,1,3,2,1,JAX,0,19,SINGLEBACK,7.0,4,39.17,20.65,4.08,2.45,0.43,321.03,-128.49,Tyler Ervin,34,5-10,185,San Jose State,RB,43.17,17.519132823069718
2017091005,2017,HOU,JAX,JAX,away,1,3,1,10,JAX,7,19,I_FORM,8.0,7,89.91,28.98,4.26,3.31,0.42,168.24,292.3,Chris Ivory,33,6-0,223,Tiffin University,RB,96.91,22.503531971299527
2017091005,2017,HOU,JAX,JAX,away,1,3,1,10,HST,7,19,SINGLEBACK,8.0,1,56.49,25.299999999999997,5.17,2.73,0.57,235.8,156.64,Chris Ivory,33,6-0,223,Tiffin University,RB,57.49,25.696507080306553
2017091005,2017,HOU,JAX,JAX,away,1,3,2,9,HST,7,19,I_FORM,8.0,1,62.18,27.58,3.05,1.8,0.37,166.95,267.4,Chris Ivory,33,6-0,223,Tiffin University,RB,63.18,26.581029430209284
2017091005,2017,HOU,JAX,JAX,away,1,3,1,10,HST,7,19,I_FORM,8.0,7,47.3,22.39,4.46,2.89,0.44,174.4,252.82,Leonard Fournette,27,6-0,228,Louisiana State,RB,54.3,15.702329321476757
2017091005,2017,HOU,JAX,JAX,away,1,3,2,1,HST,7,19,JUMBO,10.0,1,103.41,20.32,4.62,3.19,0.5,234.18,151.26999999999998,Leonard Fournette,27,6-0,228,Louisiana State,RB,104.41,20.800682704251543
2017091005,2017,HOU,JAX,HST,home,1,3,1,10,HST,7,26,SHOTGUN,7.0,4,31.23,24.08,3.6,2.67,0.4,17.95,119.59,Lamar Miller,26,5-10,221,Miami (Fla.),RB,35.230000000000004,27.558324501521877
2017091005,2017,HOU,JAX,HST,home,1,3,1,10,HST,7,26,SHOTGUN,7.0,2,78.18,23.879999999999995,3.65,2.84,0.44,334.57,-143.68,Lamar Miller,26,5-10,221,Miami (Fla.),RB,80.18,22.695411070465585
2017091005,2017,HOU,JAX,HST,home,1,3,1,10,HST,7,26,SHOTGUN,6.0,8,51.82,30.49,3.67,3.08,0.43,27.08,141.54,Lamar Miller,26,5-10,221,Miami (Fla.),RB,59.82,35.46574497132291
2017091005,2017,HOU,JAX,HST,home,1,3,3,2,JAX,7,26,SINGLEBACK,7.0,5,58.94,21.55,4.88,3.09,0.5,41.15,126.99,Lamar Miller,26,5-10,221,Miami (Fla.),RB,63.94,25.543702672096327
2017091005,2017,HOU,JAX,HST,home,1,3,2,7,JAX,7,26,SINGLEBACK,6.0,3,66.57,26.71,4.24,2.7,0.48,47.1,119.79,Lamar Miller,26,5-10,221,Miami (Fla.),RB,69.57,29.31355653541249
2017091005,2017,HOU,JAX,JAX,away,1,3,1,10,JAX,7,26,I_FORM,7.0,4,46.84,30.879999999999995,4.54,2.89,0.48,182.91,86.16000000000003,Leonard Fournette,27,6-0,228,Louisiana State,RB,50.84,34.87101982890738
2017091005,2017,HOU,JAX,JAX,away,1,4,2,6,JAX,7,26,I_FORM,7.0,17,50.34,27.29,3.97,3.18,0.41,8.06,128.13,Leonard Fournette,27,6-0,228,Louisiana State,RB,67.34,40.662401192892446
2017091005,2017,HOU,JAX,JAX,away,1,4,1,10,HST,7,26,I_FORM,8.0,1,52.18000000000001,31.529999999999998,4.17,1.93,0.47,343.63,-72.16,Chris Ivory,33,6-0,223,Tiffin University,RB,53.18000000000001,30.578084254851852
2017091005,2017,HOU,JAX,JAX,away,1,4,2,9,HST,7,26,I_FORM,8.0,0,51.61,31.099999999999998,3.49,0.93,0.45,340.18,-68.93,Chris Ivory,33,6-0,223,Tiffin University,RB,51.61,31.099999999999998
2017091005,2017,HOU,JAX,JAX,away,1,4,1,10,HST,7,26,SHOTGUN,7.0,5,79.59,29.24,4.71,4.25,0.5,56.66,171.75,Leonard Fournette,27,6-0,228,Louisiana State,RB,84.59,29.957463109955896
2017091005,2017,HOU,JAX,HST,home,1,4,2,1,HST,7,26,SINGLEBACK,7.0,4,76.93,20.81,5.3,4.01,0.55,144.16,216.35,Lamar Miller,26,5-10,221,Miami (Fla.),RB,80.93,18.439134966435727
2017091005,2017,HOU,JAX,JAX,away,1,4,1,10,JAX,7,26,SINGLEBACK,8.0,1,89.37,31.629999999999995,4.16,0.86,0.52,359.51,-68.46,Leonard Fournette,27,6-0,228,Louisiana State,RB,90.37,30.699838524859054
2017091005,2017,HOU,JAX,JAX,away,1,4,2,9,JAX,7,26,SHOTGUN,8.0,3,87.93,29.929999999999996,2.99,2.23,0.4,343.98,-125.57,Leonard Fournette,27,6-0,228,Louisiana State,RB,90.93,27.489783654651706
2017091005,2017,HOU,JAX,JAX,away,1,4,1,10,HST,7,26,I_FORM,8.0,2,79.06,30.45,3.95,2.63,0.43,8.11,70.97,Leonard Fournette,27,6-0,228,Louisiana State,RB,81.06,32.340695957820834
2017091005,2017,HOU,JAX,JAX,away,1,4,2,8,HST,7,26,I_FORM,8.0,1,39.650000000000006,22.819999999999997,3.36,1.55,0.43,340.45,-97.29,Chris Ivory,33,6-0,223,Tiffin University,RB,40.650000000000006,21.828083395559666
2017091005,2017,HOU,JAX,JAX,away,1,4,3,7,HST,7,26,I_FORM,8.0,4,81.33,29.26,3.26,2.58,0.44,10.19,121.86,Leonard Fournette,27,6-0,228,Louisiana State,RB,85.33,32.65736160105327
2017091005,2017,HOU,JAX,HST,home,1,4,1,10,HST,7,29,SHOTGUN,6.0,8,16.599999999999994,24.639999999999997,2.62,3.13,0.26,184.37,104.67000000000002,Lamar Miller,26,5-10,221,Miami (Fla.),RB,24.599999999999994,32.379203900223345
2017091007,2017,TEN,OAK,OAK,away,1,1,2,4,TEN,0,0,SINGLEBACK,7.0,14,61.75,20.73,5.19,2.53,0.57,33.75,137.15,Marshawn Lynch,24,5-11,215,California,RB,75.75,30.25113883792374
2017091007,2017,TEN,OAK,TEN,home,1,1,1,10,TEN,0,7,I_FORM,7.0,5,71.95,23.62,4.53,3.62,0.48,128.11,201.6,DeMarco Murray,29,6-1,220,Oklahoma,RB,76.95,21.77937723657661
2017091007,2017,TEN,OAK,TEN,home,1,1,2,5,TEN,0,7,I_FORM,8.0,5,51.94,29.959999999999997,2.74,2.53,0.32,181.67,113.88,DeMarco Murray,29,6-1,220,Oklahoma,RB,56.94,34.53197660312188
2017091007,2017,TEN,OAK,TEN,home,1,1,1,10,OAK,0,7,I_FORM,7.0,2,61.6,26.27,3.11,1.93,0.36,168.41,245.55,DeMarco Murray,29,6-1,220,Oklahoma,RB,63.6,24.449354375066857
2017091007,2017,TEN,OAK,TEN,home,1,1,1,10,OAK,0,7,SINGLEBACK,8.0,1,50.72,28.74,3.28,2.09,0.39,169.03,249.47,DeMarco Murray,29,6-1,220,Oklahoma,RB,51.72,27.80351130729625
2017091007,2017,TEN,OAK,TEN,home,1,1,2,9,OAK,0,7,SHOTGUN,7.0,1,49.19,27.6,3.51,1.99,0.41,178.13,300.31,DeMarco Murray,29,6-1,220,Oklahoma,RB,50.19,26.736692519225077
2017091007,2017,TEN,OAK,OAK,away,1,1,1,10,OAK,7,7,SINGLEBACK,8.0,4,90.4,26.919999999999998,5.04,3.77,0.52,313.44,-147.63,Marshawn Lynch,24,5-11,215,California,RB,94.4,24.778461470075104
2017091007,2017,TEN,OAK,OAK,away,1,1,1,10,OAK,7,7,I_FORM,6.0,5,75.64,26.919999999999998,6.24,3.75,0.65,264.4,163.51,Cordarrelle Patterson,84,6-2,238,Tennessee,WR,80.64,28.339239973829528
2017091007,2017,TEN,OAK,OAK,away,1,1,1,10,TEN,7,7,SINGLEBACK,7.0,3,54.91,28.099999999999998,3.82,2.35,0.44,345.87,-107.17,Marshawn Lynch,24,5-11,215,California,RB,57.91,25.23370080937785
2017091007,2017,TEN,OAK,OAK,away,1,1,1,10,TEN,7,7,SINGLEBACK,5.0,5,26.810000000000002,26.389999999999997,5.29,3.64,0.55,310.28,-143.41,Marshawn Lynch,24,5-11,215,California,RB,31.810000000000002,23.409576260985215
2017091007,2017,TEN,OAK,OAK,away,1,1,3,3,TEN,7,7,SINGLEBACK,7.0,2,19.790000000000006,24.509999999999998,3.77,2.45,0.46,359.3,-84.73,Marshawn Lynch,24,5-11,215,California,RB,21.790000000000006,22.51845414636585
2017091007,2017,TEN,OAK,OAK,away,1,1,4,1,TEN,7,7,SINGLEBACK,7.0,1,102.71,28.71,2.93,2.01,0.42,4.35,126.2,Marshawn Lynch,24,5-11,215,California,RB,103.71,29.5169603121438
2017091007,2017,TEN,OAK,TEN,home,1,2,1,10,TEN,7,10,I_FORM,8.0,0,90.38,23.939999999999998,4.28,2.14,0.5,309.95,-137.41,DeMarco Murray,29,6-1,220,Oklahoma,RB,90.38,23.939999999999998
2017091007,2017,TEN,OAK,TEN,home,1,2,2,10,TEN,7,10,SHOTGUN,5.0,5,89.26,23.599999999999998,4.94,3.99,0.51,301.48,-173.76,Derrick Henry,22,6-3,247,Alabama,RB,94.26,23.056533111829072
2017091007,2017,TEN,OAK,OAK,away,1,2,1,10,OAK,7,10,SINGLEBACK,8.0,0,102.28,26.51,4.9,2.82,0.51,152.82,216.48,DeAndre Washington,33,5-8,210,Texas Tech,RB,102.28,26.51
2017091007,2017,TEN,OAK,OAK,away,1,2,1,10,OAK,7,10,SINGLEBACK,7.0,4,32.33,24.929999999999996,3.77,2.47,0.4,182.68,81.58999999999997,DeAndre Washington,33,5-8,210,Texas Tech,RB,36.33,28.886987286389363
2017091007,2017,TEN,OAK,OAK,away,1,2,1,10,OAK,7,10,SINGLEBACK,6.0,2,43.34,21.379999999999995,4.43,2.01,0.48,224.73,129.02999999999997,Jalen Richard,30,5-8,207,Southern Mississippi,RB,45.34,22.933632687112652
2017091007,2017,TEN,OAK,OAK,away,1,2,1,10,TEN,7,10,SINGLEBACK,7.0,2,58.43,22.2,3.91,2.49,0.49,162.58,228.3,Jalen Richard,30,5-8,207,Southern Mississippi,RB,60.43,20.706723635429217
2017091007,2017,TEN,OAK,TEN,home,1,2,1,10,TEN,7,10,JUMBO,7.0,3,112.72,30.639999999999997,3.43,3.01,0.44,358.27,-88.58,Derrick Henry,22,6-3,247,Alabama,RB,115.72,27.64092129868895
2017091007,2017,TEN,OAK,TEN,home,1,2,2,7,TEN,7,10,SINGLEBACK,7.0,2,10.18,27.16,3.36,2.42,0.42,6.04,89.35,Derrick Henry,22,6-3,247,Alabama,RB,12.18,29.15987130052046
2017091007,2017,TEN,OAK,TEN,home,1,2,1,10,TEN,7,10,SINGLEBACK,8.0,2,84.14,28.499999999999996,3.66,2.78,0.41,350.68,-122.28,Derrick Henry,22,6-3,247,Alabama,RB,86.14,26.809103388241944
2017091007,2017,TEN,OAK,TEN,home,1,2,1,10,OAK,7,10,SINGLEBACK,7.0,8,42.55,28.659999999999997,3.47,3.29,0.53,351.12,-132.86,Derrick Henry,22,6-3,247,Alabama,RB,50.55,22.79585637559572
2017091007,2017,TEN,OAK,TEN,home,1,3,1,10,TEN,10,13,I_FORM,7.0,5,92.58,22.5,5.61,4.18,0.56,152.57,186.43,Derrick Henry,22,6-3,247,Alabama,RB,97.58,21.940053737158344
2017091007,2017,TEN,OAK,TEN,home,1,3,2,6,TEN,10,13,I_FORM,8.0,-2,68.46,26.96,4.31,2.5,0.47,125.86,211.91,DeMarco Murray,29,6-1,220,Oklahoma,RB,66.46,28.017173000370146
2017091007,2017,TEN,OAK,OAK,away,1,3,2,10,OAK,10,13,SHOTGUN,6.0,7,13.52,31.08,1.62,1.94,0.34,1.41,131.31,Marshawn Lynch,24,5-11,215,California,RB,20.52,36.3380425102796
2017091007,2017,TEN,OAK,TEN,home,1,3,1,10,TEN,10,13,I_FORM,8.0,-1,23.870000000000005,23.669999999999998,3.21,2.9,0.35,181.17,125.13999999999999,DeMarco Murray,29,6-1,220,Oklahoma,RB,22.870000000000005,22.852251911315058
2017091007,2017,TEN,OAK,OAK,away,1,3,1,10,OAK,10,13,SINGLEBACK,7.0,2,77.99000000000001,21.22,4.9,3.56,0.5,320.7,-139.91,Marshawn Lynch,24,5-11,215,California,RB,79.99000000000001,19.932019768036298
2017091007,2017,TEN,OAK,OAK,away,1,3,2,10,TEN,10,13,SINGLEBACK,7.0,2,70.81,21.92,3.35,2.02,0.48,12.89,121.87,Jalen Richard,30,5-8,207,Southern Mississippi,RB,72.81,23.618496521812677
2017091007,2017,TEN,OAK,TEN,home,1,3,2,4,TEN,10,16,SHOTGUN,7.0,6,84.25,24.04,3.83,3.21,0.46,162.71,217.3,DeMarco Murray,29,6-1,220,Oklahoma,RB,90.25,20.404069598405734
2017091007,2017,TEN,OAK,TEN,home,1,3,2,6,OAK,10,16,SHOTGUN,6.0,21,68.9,29.879999999999995,3.67,3.16,0.43,193.83,122.72000000000003,DeMarco Murray,29,6-1,220,Oklahoma,RB,89.9,47.547765175924084
2017091007,2017,TEN,OAK,TEN,home,1,3,3,2,OAK,10,16,SINGLEBACK,6.0,-1,95.73,20.529999999999994,4.99,4.1,0.54,200.35,168.54000000000002,DeMarco Murray,29,6-1,220,Oklahoma,RB,94.73,20.33131623061267
2017091007,2017,TEN,OAK,OAK,away,1,4,1,10,OAK,13,16,SINGLEBACK,7.0,12,46.14,20.93,4.63,3.29,0.5,205.25,122.32999999999998,Marshawn Lynch,24,5-11,215,California,RB,58.14,31.069783173585186
2017091007,2017,TEN,OAK,OAK,away,1,4,1,10,TEN,13,16,SINGLEBACK,7.0,4,58.09,21.56,3.84,2.51,0.48,197.09,120.91000000000003,Marshawn Lynch,24,5-11,215,California,RB,62.09,24.991901051192364
2017091007,2017,TEN,OAK,OAK,away,1,4,1,10,OAK,13,23,SHOTGUN,7.0,0,24.89,30.199999999999996,3.77,3.66,0.63,233.15,161.07999999999998,DeAndre Washington,33,5-8,210,Texas Tech,RB,24.89,30.199999999999996
2017091007,2017,TEN,OAK,OAK,away,1,4,1,10,OAK,13,23,SHOTGUN,6.0,1,52.95,30.689999999999998,3.23,2.96,0.54,199.88,141.26999999999998,Marshawn Lynch,24,5-11,215,California,RB,53.95,31.315651203015843
2017091007,2017,TEN,OAK,OAK,away,1,4,2,9,OAK,13,23,SINGLEBACK,8.0,3,53.55,21.999999999999996,4.57,3.3,0.51,202.25,135.18,Marshawn Lynch,24,5-11,215,California,RB,56.55,24.114645561827082
2017091007,2017,TEN,OAK,TEN,home,1,4,1,10,TEN,13,23,SHOTGUN,6.0,7,95.25,27.139999999999997,3.57,3.14,0.51,339.92,-134.89,DeMarco Murray,29,6-1,220,Oklahoma,RB,102.25,22.18075882664278
2017091007,2017,TEN,OAK,OAK,away,1,4,1,10,OAK,16,23,SINGLEBACK,6.0,4,74.62,27.05,4.19,2.87,0.48,150.97,226.73,Marshawn Lynch,24,5-11,215,California,RB,78.62,24.137472993883346
2017091007,2017,TEN,OAK,OAK,away,1,4,2,6,OAK,16,23,SINGLEBACK,7.0,3,70.08,21.47,4.69,3.09,0.51,140.06,224.74,Marshawn Lynch,24,5-11,215,California,RB,73.08,19.358327710991603
2017091007,2017,TEN,OAK,OAK,away,1,4,3,3,OAK,16,23,SINGLEBACK,6.0,7,50.59,25.49,5.36,3.91,0.52,185.02,171.69,Jalen Richard,30,5-8,207,Southern Mississippi,RB,57.59,26.501702325423665
2017091007,2017,TEN,OAK,OAK,away,1,4,1,10,TEN,16,23,SINGLEBACK,7.0,9,60.39,27.58,4.69,3.65,0.51,144.88,225.88,Jalen Richard,30,5-8,207,Southern Mississippi,RB,69.39,21.119049988373014
2017091007,2017,TEN,OAK,OAK,away,1,4,2,1,TEN,16,23,SINGLEBACK,8.0,5,69.72999999999999,26.589999999999996,4.78,2.84,0.54,208.41,143.32,Marshawn Lynch,24,5-11,215,California,RB,74.72999999999999,29.576726190373556
2017091007,2017,TEN,OAK,OAK,away,1,4,1,10,TEN,16,23,SINGLEBACK,8.0,2,46.22,28.67,3.42,2.18,0.44,165.32,242.56,Marshawn Lynch,24,5-11,215,California,RB,48.22,26.895012222502352
2017091007,2017,TEN,OAK,OAK,away,1,4,2,8,TEN,16,23,SINGLEBACK,9.0,6,75.49000000000001,23.179999999999996,4.27,2.49,0.53,211.89,131.91000000000003,Marshawn Lynch,24,5-11,215,California,RB,81.49000000000001,27.64516985675469
2017091007,2017,TEN,OAK,OAK,away,1,4,3,2,TEN,16,23,SINGLEBACK,9.0,-2,82.06,20.919999999999995,4.74,2.73,0.54,212.84,146.26999999999998,Marshawn Lynch,24,5-11,215,California,RB,80.06,19.80944007693815
2017091008,2017,WAS,PHI,WAS,home,1,1,2,10,WAS,0,0,SINGLEBACK,7.0,-1,98.1,19.669999999999995,4.53,2.28,0.45,321.8,-131.21,Chris Thompson,25,5-8,195,Florida State,RB,97.1,20.422299934438097
2017091008,2017,WAS,PHI,WAS,home,1,1,1,10,WAS,0,0,SINGLEBACK,7.0,-1,32.12,24.32,5.56,1.16,0.59,48.17,161.53,Rob Kelley,20,6-0,229,Tulane,RB,31.119999999999997,24.00319192817239
2017091008,2017,WAS,PHI,WAS,home,1,1,1,10,PHI,0,7,I_FORM,7.0,4,54.519999999999996,22.169999999999998,4.26,4.89,0.5,358.84,-71.13,Rob Kelley,20,6-0,229,Tulane,RB,58.519999999999996,18.384980672415896
2017091008,2017,WAS,PHI,PHI,away,1,1,1,19,PHI,0,7,SINGLEBACK,6.0,6,49.400000000000006,26.81,5.8,3.45,0.56,195.91,126.01999999999998,LeGarrette Blount,29,6-0,247,Oregon,RB,55.400000000000006,31.662870615992226
2017091008,2017,WAS,PHI,PHI,away,1,1,1,10,WAS,0,7,SINGLEBACK,6.0,1,49.56,18.92,6.08,0.67,0.62,145.0,218.8,Wendell Smallwood,28,5-10,208,West Virginia,RB,50.56,18.29339618863554
2017091008,2017,WAS,PHI,WAS,home,1,1,1,20,WAS,0,7,SINGLEBACK,8.0,4,75.1,22.769999999999996,3.77,3.42,0.4,325.15,-138.71,Rob Kelley,20,6-0,229,Tulane,RB,79.1,20.130517849670458
2017091008,2017,WAS,PHI,PHI,away,1,1,1,10,PHI,0,7,SINGLEBACK,7.0,4,17.75,24.769999999999996,5.36,1.5,0.58,205.98,144.16000000000003,LeGarrette Blount,29,6-0,247,Oregon,RB,21.75,27.11209504701597
2017091008,2017,WAS,PHI,PHI,away,1,1,2,6,PHI,0,7,SINGLEBACK,6.0,5,96.79,26.84,5.05,2.85,0.54,165.89,242.78,LeGarrette Blount,29,6-0,247,Oregon,RB,101.79,22.39371619084215
2017091008,2017,WAS,PHI,PHI,away,1,1,3,1,PHI,0,7,SHOTGUN,8.0,-2,91.89,23.58,4.15,2.79,0.48,151.42,206.32,LeGarrette Blount,29,6-0,247,Oregon,RB,89.89,24.46676819324515
2017091008,2017,WAS,PHI,PHI,away,1,1,2,3,WAS,0,7,SINGLEBACK,7.0,4,46.14,27.75,4.69,2.29,0.52,171.7,259.83,LeGarrette Blount,29,6-0,247,Oregon,RB,50.14,23.81284722237276
2017091008,2017,WAS,PHI,PHI,away,1,1,1,10,WAS,0,7,SINGLEBACK,7.0,6,92.55,26.799999999999997,4.52,1.01,0.51,198.53,122.91000000000003,LeGarrette Blount,29,6-0,247,Oregon,RB,98.55,31.837150299526648
2017091008,2017,WAS,PHI,PHI,away,1,2,1,3,WAS,0,7,SHOTGUN,8.0,2,103.76,24.0,3.68,0.92,0.44,8.41,117.63,LeGarrette Blount,29,6-0,247,Oregon,RB,105.76,25.771921753053405
2017091008,2017,WAS,PHI,WAS,home,1,2,1,10,WAS,0,13,I_FORM,7.0,6,92.49,23.81,6.01,2.02,0.58,156.28,203.52,Rob Kelley,20,6-0,229,Tulane,RB,98.49,21.415585046118228
2017091008,2017,WAS,PHI,WAS,home,1,2,2,4,WAS,0,13,SINGLEBACK,7.0,2,86.96,17.49,6.48,1.79,0.64,153.57,197.35,Rob Kelley,20,6-0,229,Tulane,RB,88.96,16.893584106567804
2017091008,2017,WAS,PHI,WAS,home,1,2,1,10,WAS,0,13,I_FORM,8.0,-1,78.24,28.56,3.44,0.47,0.42,179.83,251.88,Rob Kelley,20,6-0,229,Tulane,RB,77.24,29.510407227189148
2017091008,2017,WAS,PHI,WAS,home,1,2,2,11,WAS,0,13,SHOTGUN,7.0,1,40.28,23.349999999999998,2.44,2.79,0.32,181.12,115.18,Chris Thompson,25,5-8,195,Florida State,RB,41.28,24.254975622348276
2017091008,2017,WAS,PHI,PHI,away,1,2,1,10,PHI,7,13,SINGLEBACK,7.0,7,88.78,24.029999999999998,5.63,3.93,0.54,345.71,-122.9,LeGarrette Blount,29,6-0,247,Oregon,RB,95.78,18.152660948259104
2017091008,2017,WAS,PHI,PHI,away,1,2,1,10,PHI,7,13,SINGLEBACK,8.0,2,77.75,18.089999999999996,5.98,1.51,0.69,313.23,-140.47,Wendell Smallwood,28,5-10,208,West Virginia,RB,79.75,16.817035690491675
2017091008,2017,WAS,PHI,WAS,home,1,2,1,10,WAS,7,13,SINGLEBACK,7.0,4,48.89,26.199999999999996,4.68,2.26,0.45,191.4,110.5,Rob Kelley,20,6-0,229,Tulane,RB,52.89,29.946688756993588
2017091008,2017,WAS,PHI,WAS,home,1,2,1,10,PHI,7,13,SHOTGUN,7.0,4,73.28999999999999,29.619999999999997,3.6,1.93,0.41,205.96,141.04000000000002,Chris Thompson,25,5-8,195,Florida State,RB,77.28999999999999,32.13511075000205
2017091008,2017,WAS,PHI,PHI,away,1,2,2,10,PHI,14,13,PISTOL,6.0,0,29.69,26.64,5.15,2.78,0.54,27.04,135.65,Darren Sproles,43,5-6,190,Kansas State,RB,29.69,26.64
2017091008,2017,WAS,PHI,PHI,away,1,3,1,10,PHI,14,16,I_FORM,8.0,0,77.92,27.699999999999996,3.38,0.81,0.41,350.95,-99.75,LeGarrette Blount,29,6-0,247,Oregon,RB,77.92,27.699999999999996
2017091008,2017,WAS,PHI,WAS,home,1,3,1,10,WAS,14,19,SINGLEBACK,8.0,4,92.64,28.38,4.12,3.74,0.48,141.24,213.84,Rob Kelley,20,6-0,229,Tulane,RB,96.64,26.152497534047246
2017091008,2017,WAS,PHI,WAS,home,1,3,1,10,PHI,14,19,SINGLEBACK,6.0,6,42.24,20.15,5.38,1.61,0.49,154.52,235.8,Rob Kelley,20,6-0,229,Tulane,RB,48.24,15.187516554352626
2017091008,2017,WAS,PHI,PHI,away,1,3,2,26,PHI,17,19,SINGLEBACK,7.0,5,40.83,23.54,5.57,2.12,0.56,14.4,117.09,LeGarrette Blount,29,6-0,247,Oregon,RB,45.83,27.99146149318613
2017091008,2017,WAS,PHI,WAS,home,1,4,1,10,PHI,17,19,SINGLEBACK,7.0,2,57.89,24.76,4.57,1.89,0.51,33.73,130.65,Rob Kelley,20,6-0,229,Tulane,RB,59.89,26.277406221317957
2017091008,2017,WAS,PHI,PHI,away,1,4,1,10,PHI,17,19,PISTOL,6.0,2,100.89,26.06,4.01,2.12,0.46,151.22,228.52,Darren Sproles,43,5-6,190,Kansas State,RB,102.89,24.561626053628128
2017091008,2017,WAS,PHI,PHI,away,1,4,1,10,PHI,17,19,SINGLEBACK,7.0,0,31.989999999999995,20.509999999999998,4.53,1.04,0.52,193.7,120.17000000000002,LeGarrette Blount,29,6-0,247,Oregon,RB,31.989999999999995,20.509999999999998
2017091008,2017,WAS,PHI,PHI,away,1,4,1,10,PHI,17,19,SINGLEBACK,7.0,3,66.37,19.09,6.31,2.51,0.64,127.25,207.93,Wendell Smallwood,28,5-10,208,West Virginia,RB,69.37,17.684822533904637
2017091008,2017,WAS,PHI,PHI,away,1,4,2,7,WAS,17,19,PISTOL,6.0,-2,64.29,20.47,4.98,2.93,0.54,130.26,210.93,Wendell Smallwood,28,5-10,208,West Virginia,RB,62.290000000000006,21.497980926753076
2017091008,2017,WAS,PHI,PHI,away,1,4,1,10,WAS,17,19,SINGLEBACK,7.0,3,77.34,26.549999999999997,4.89,3.14,0.57,182.12,103.24000000000001,LeGarrette Blount,29,6-0,247,Oregon,RB,80.34,29.470257739948543
2017091008,2017,WAS,PHI,PHI,away,1,4,2,7,WAS,17,19,SINGLEBACK,7.0,4,39.92,26.07,4.96,2.44,0.52,178.43,260.9,LeGarrette Blount,29,6-0,247,Oregon,RB,43.92,22.120344772996354
2017091008,2017,WAS,PHI,PHI,away,1,4,3,3,WAS,17,19,SINGLEBACK,8.0,2,35.55,23.34,4.6,1.93,0.47,164.52,249.47,LeGarrette Blount,29,6-0,247,Oregon,RB,37.55,21.467022614592505
2017091009,2017,LA,IND,LA,home,1,1,1,10,LA,0,0,SINGLEBACK,7.0,2,29.42,30.849999999999998,3.52,2.82,0.45,192.76,80.83999999999997,Todd Gurley,30,6-1,224,Georgia,RB,31.42,32.824495285260596
2017091009,2017,LA,IND,IND,away,1,1,1,10,IND,3,0,SINGLEBACK,7.0,2,29.91,28.48,4.22,3.2,0.5,39.34,104.05,Frank Gore,23,5-9,212,Miami,RB,31.91,30.420168480322094
2017091009,2017,LA,IND,IND,away,1,1,2,8,IND,3,0,I_FORM,7.0,-2,31.7,28.83,3.09,2.32,0.42,14.97,104.35,Frank Gore,23,5-9,212,Miami,RB,29.7,26.892400369681294
2017091009,2017,LA,IND,IND,away,1,1,1,10,IND,10,0,SINGLEBACK,7.0,4,35.04,25.6,3.6,3.13,0.44,32.38,93.66,Frank Gore,23,5-9,212,Miami,RB,39.04,29.591841708530648
2017091009,2017,LA,IND,IND,away,1,1,1,10,LA,10,0,I_FORM,8.0,8,80.45,20.56,4.68,1.51,0.59,35.14,128.92,Frank Gore,23,5-9,212,Miami,RB,88.45,26.78419120526761
2017091009,2017,LA,IND,IND,away,1,1,1,1,LA,10,0,SINGLEBACK,8.0,-1,104.69,22.64,3.39,2.02,0.42,20.92,104.8,Marlon Mack,25,6-0,210,South Florida,RB,103.69,21.67317661139554
2017091009,2017,LA,IND,IND,away,1,1,2,2,LA,10,0,SHOTGUN,6.0,0,15.180000000000007,29.169999999999998,3.64,2.46,0.41,350.65,-130.24,Marlon Mack,25,6-0,210,South Florida,RB,15.180000000000007,29.169999999999998
2017091009,2017,LA,IND,LA,home,1,1,1,10,LA,10,3,SINGLEBACK,6.0,3,29.159999999999997,24.839999999999996,3.78,2.98,0.38,200.67,107.48000000000002,Todd Gurley,30,6-1,224,Georgia,RB,32.16,27.701465576303878
2017091009,2017,LA,IND,LA,home,1,1,2,7,LA,10,3,SINGLEBACK,7.0,4,32.89,23.279999999999998,4.19,3.02,0.44,185.91,101.36000000000001,Todd Gurley,30,6-1,224,Georgia,RB,36.89,27.20163570631838
2017091009,2017,LA,IND,LA,home,1,1,1,10,LA,10,3,SINGLEBACK,6.0,9,43.760000000000005,23.679999999999996,7.49,1.14,0.78,205.39,-175.5,Tavon Austin,11,5-8,179,West Virginia,WR,52.760000000000005,22.97386813844939
2017091009,2017,LA,IND,LA,home,1,1,2,1,LA,10,3,SINGLEBACK,8.0,0,67.5,31.22,3.38,0.82,0.43,171.57,275.34,Todd Gurley,30,6-1,224,Georgia,RB,67.5,31.22
2017091009,2017,LA,IND,LA,home,1,1,3,1,LA,10,3,I_FORM,7.0,7,52.94,23.799999999999997,3.87,2.38,0.47,205.94,123.43,Todd Gurley,30,6-1,224,Georgia,RB,59.94,29.64191662457157
2017091009,2017,LA,IND,IND,away,1,1,1,10,IND,10,3,SINGLEBACK,7.0,16,108.7,26.199999999999996,4.45,3.7,0.48,334.07,-110.86,Frank Gore,23,5-9,212,Miami,RB,124.7,11.248747252047242
2017091009,2017,LA,IND,IND,away,1,1,1,10,IND,10,3,SINGLEBACK,6.0,2,92.38,21.31,3.28,1.55,0.39,298.38,-106.98,Frank Gore,23,5-9,212,Miami,RB,94.38,19.397186490645424
2017091009,2017,LA,IND,LA,home,1,1,1,15,IND,10,3,SHOTGUN,6.0,-3,53.71,30.25,3.6,2.69,0.55,125.63,187.45,Todd Gurley,30,6-1,224,Georgia,RB,50.71,30.638982831310095
2017091009,2017,LA,IND,LA,home,1,2,2,23,IND,10,3,SINGLEBACK,5.0,2,62.15,19.86,5.11,2.86,0.55,311.54,-148.23,Tavon Austin,11,5-8,179,West Virginia,WR,64.15,18.806978558980774
2017091009,2017,LA,IND,IND,away,1,2,1,10,IND,10,3,SINGLEBACK,7.0,2,91.91,31.85,4.25,2.05,0.46,172.89,298.22,Frank Gore,23,5-9,212,Miami,RB,93.91,30.087723105916663
2017091009,2017,LA,IND,LA,home,1,2,1,6,IND,10,3,SHOTGUN,7.0,1,100.33,29.39,2.6,1.1,0.33,3.84,45.4,Todd Gurley,30,6-1,224,Georgia,RB,101.33,30.102026045990996
2017091009,2017,LA,IND,LA,home,1,2,2,5,IND,10,3,SHOTGUN,6.0,5,101.51,30.95,3.02,2.43,0.6,19.68,120.72,Todd Gurley,30,6-1,224,Georgia,RB,106.51,35.24837003058745
2017091009,2017,LA,IND,IND,away,1,2,2,17,IND,17,3,SINGLEBACK,7.0,0,97.44,28.14,4.32,2.6,0.44,166.58,237.64,Marlon Mack,25,6-0,210,South Florida,RB,97.44,28.14
2017091009,2017,LA,IND,LA,home,1,2,2,5,IND,17,3,SHOTGUN,6.0,7,77.12,25.11,3.56,3.2,0.48,20.68,131.42,Todd Gurley,30,6-1,224,Georgia,RB,84.12,30.35916127782984
2017091009,2017,LA,IND,LA,home,1,2,1,10,LA,24,3,SINGLEBACK,7.0,12,42.74,27.35,4.42,3.75,0.52,15.2,169.64,Todd Gurley,30,6-1,224,Georgia,RB,54.74,29.507989266693738
2017091009,2017,LA,IND,LA,home,1,2,1,10,IND,24,3,I_FORM,7.0,1,79.16,29.8,3.14,3.44,0.34,30.06,134.41,Todd Gurley,30,6-1,224,Georgia,RB,80.16,30.51435055446191
2017091009,2017,LA,IND,IND,away,1,3,1,10,IND,27,3,SINGLEBACK,7.0,6,30.06,21.37,4.36,2.33,0.49,26.47,122.99,Frank Gore,23,5-9,212,Miami,RB,36.06,26.402593675691303
2017091009,2017,LA,IND,IND,away,1,3,2,4,IND,27,3,SINGLEBACK,7.0,3,84.16,26.72,4.55,2.85,0.44,329.03,-115.95,Frank Gore,23,5-9,212,Miami,RB,87.16,24.02247123497573
2017091009,2017,LA,IND,IND,away,1,3,2,7,LA,27,3,SINGLEBACK,6.0,1,85.01,28.46,3.72,1.35,0.44,14.95,98.55,Frank Gore,23,5-9,212,Miami,RB,86.01,29.448886498744507
2017091009,2017,LA,IND,LA,home,1,3,2,2,LA,27,3,SINGLEBACK,7.0,3,39.959999999999994,25.699999999999996,5.36,3.07,0.57,231.79,151.01,Todd Gurley,30,6-1,224,Georgia,RB,42.959999999999994,27.15397088878134
2017091009,2017,LA,IND,LA,home,1,3,1,10,IND,27,3,SINGLEBACK,6.0,5,70.13,25.979999999999997,5.7,4.38,0.58,249.11,158.8,Todd Gurley,30,6-1,224,Georgia,RB,75.13,27.788122850410456
2017091009,2017,LA,IND,LA,home,1,3,1,10,IND,27,3,SHOTGUN,5.0,2,81.25999999999999,23.359999999999996,0.73,3.16,0.0,180.91,149.79000000000002,Jared Goff,16,6-4,223,California,QB,83.25999999999999,24.36634156675479
2017091009,2017,LA,IND,LA,home,1,3,2,8,IND,27,3,SINGLEBACK,8.0,-6,37.73,26.33,2.73,0.89,0.41,126.41,193.57,Todd Gurley,30,6-1,224,Georgia,RB,31.729999999999997,27.737798979819434
2017091009,2017,LA,IND,LA,home,1,3,3,14,IND,27,3,SHOTGUN,6.0,2,77.13,29.74,2.18,1.72,0.36,189.06,123.24000000000001,Todd Gurley,30,6-1,224,Georgia,RB,79.13,31.412763676662244
2017091009,2017,LA,IND,IND,away,1,3,1,10,IND,37,3,SINGLEBACK,7.0,1,29.78,21.78,4.55,3.21,0.49,36.98,144.85,Marlon Mack,25,6-0,210,South Florida,RB,30.78,22.35571900332407
2017091009,2017,LA,IND,LA,home,1,3,1,10,LA,37,3,I_FORM,7.0,0,74.71,23.76,5.65,0.9,0.63,107.77,201.83,Todd Gurley,30,6-1,224,Georgia,RB,74.71,23.76
2017091009,2017,LA,IND,IND,away,1,3,1,10,IND,37,3,SINGLEBACK,8.0,3,12.81,26.83,3.27,1.36,0.36,11.02,79.21,Marlon Mack,25,6-0,210,South Florida,RB,15.81,29.776959819929182
2017091009,2017,LA,IND,IND,away,1,3,2,7,IND,37,3,I_FORM,7.0,-2,15.48,21.95,3.16,3.41,0.46,24.82,100.22,Marlon Mack,25,6-0,210,South Florida,RB,13.48,19.9817325324512
2017091009,2017,LA,IND,LA,home,1,3,1,10,LA,37,3,I_FORM,7.0,1,36.849999999999994,24.97,3.33,2.83,0.44,184.57,93.02999999999997,Todd Gurley,30,6-1,224,Georgia,RB,37.849999999999994,25.968601994823242
2017091009,2017,LA,IND,LA,home,1,3,2,9,LA,37,3,SINGLEBACK,7.0,0,37.43000000000001,19.18,5.93,3.95,0.58,215.82,161.5,Todd Gurley,30,6-1,224,Georgia,RB,37.43000000000001,19.18
2017091009,2017,LA,IND,LA,home,1,3,2,7,LA,37,3,I_FORM,8.0,0,68.93,19.97,5.71,3.04,0.61,163.23,202.18,Malcolm Brown,34,5-11,222,Texas,RB,68.93,19.97
2017091009,2017,LA,IND,IND,away,1,4,1,10,IND,37,3,SINGLEBACK,8.0,24,20.290000000000006,27.9,4.24,3.41,0.42,190.85,131.44,Marlon Mack,25,6-0,210,South Florida,RB,44.290000000000006,45.89158089823572
2017091009,2017,LA,IND,IND,away,1,4,1,10,IND,37,3,I_FORM,7.0,5,45.150000000000006,20.07,4.5,1.34,0.56,199.35,125.29000000000002,Robert Turbin,33,5-10,216,Utah State,RB,50.150000000000006,24.15119216415347
2017091009,2017,LA,IND,IND,away,1,4,1,5,LA,37,3,SINGLEBACK,8.0,2,99.92,27.199999999999996,4.21,2.57,0.42,208.46,125.68,Robert Turbin,33,5-10,216,Utah State,RB,101.92,28.82457434344379
2017091009,2017,LA,IND,IND,away,1,4,2,3,LA,37,3,SHOTGUN,7.0,3,102.06,22.879999999999995,3.93,3.67,0.43,181.84,68.00999999999999,Marlon Mack,25,6-0,210,South Florida,RB,105.06,25.661747664887553
2017091009,2017,LA,IND,LA,home,1,4,1,20,LA,37,9,SINGLEBACK,6.0,-4,83.66,20.11,3.91,2.4,0.45,306.52,-161.64,Todd Gurley,30,6-1,224,Georgia,RB,79.66,21.36994607862122
2017091009,2017,LA,IND,IND,away,1,4,1,10,IND,37,9,I_FORM,7.0,-10,105.69,21.65,4.23,2.27,0.5,157.36,229.94,Marlon Mack,25,6-0,210,South Florida,RB,95.69,29.303708976003733
2017091009,2017,LA,IND,LA,home,1,4,1,10,LA,39,9,I_FORM,8.0,5,48.36,31.04,2.93,1.76,0.4,25.59,96.24,Malcolm Brown,34,5-11,222,Texas,RB,53.36,36.010376619680024
2017091009,2017,LA,IND,LA,home,1,4,2,5,LA,39,9,I_FORM,7.0,2,67.24000000000001,25.4,3.78,3.12,0.38,356.79,-97.68,Malcolm Brown,34,5-11,222,Texas,RB,69.24000000000001,23.417940181317014
2017091009,2017,LA,IND,LA,home,1,4,1,10,IND,39,9,I_FORM,8.0,2,36.34,30.08,3.81,1.97,0.42,356.89,-81.7,Malcolm Brown,34,5-11,222,Texas,RB,38.34,28.10094842186206
2017091009,2017,LA,IND,LA,home,1,4,1,10,IND,39,9,I_FORM,8.0,1,26.83,29.629999999999995,3.06,3.07,0.33,342.09,-116.94,Malcolm Brown,34,5-11,222,Texas,RB,27.83,28.738518546707876
2017091009,2017,LA,IND,LA,home,1,4,2,9,IND,39,9,SINGLEBACK,7.0,3,95.24,25.78,5.62,3.41,0.57,34.11,152.59,Malcolm Brown,34,5-11,222,Texas,RB,98.24,27.16106419237008
2017091009,2017,LA,IND,LA,home,1,4,3,2,IND,39,9,SHOTGUN,8.0,3,16.439999999999998,29.22,4.23,2.28,0.42,332.36,-136.52,Malcolm Brown,34,5-11,222,Texas,RB,19.439999999999998,27.155696008979213
2017091009,2017,LA,IND,IND,away,1,4,2,10,IND,46,9,SINGLEBACK,7.0,6,29.129999999999995,24.959999999999997,3.72,3.08,0.39,193.91,93.25999999999999,Marlon Mack,25,6-0,210,South Florida,RB,35.129999999999995,30.950290563557836
2017091009,2017,LA,IND,LA,home,1,4,1,10,LA,46,9,I_FORM,8.0,1,19.72,22.75,3.36,1.34,0.41,3.62,98.84,Justin Davis,42,6-1,199,USC,RB,20.72,23.738121336367893
2017091010,2017,GB,SEA,SEA,away,1,1,1,10,,0,0,SINGLEBACK,7.0,2,64.64,19.37,5.89,2.62,0.59,127.43,208.52,Eddie Lacy,27,5-11,250,Alabama,RB,66.64,18.415069007548038
2017091010,2017,GB,SEA,SEA,away,1,1,2,8,GB,0,0,SHOTGUN,6.0,6,57.27,30.539999999999996,3.16,2.18,0.48,198.54,127.25,Eddie Lacy,27,5-11,250,Alabama,RB,63.27,35.316012015207725
2017091010,2017,GB,SEA,GB,home,1,1,1,10,GB,0,0,SINGLEBACK,8.0,3,7.41,25.65,3.75,2.48,0.41,0.06,98.61,Ty Montgomery,88,6-0,216,Stanford,RB,10.41,28.616190801439814
2017091010,2017,GB,SEA,GB,home,1,1,2,7,GB,0,0,SINGLEBACK,8.0,3,109.74,25.259999999999998,3.67,2.28,0.39,346.44,-111.42,Ty Montgomery,88,6-0,216,Stanford,RB,112.74,22.46721482064919
2017091010,2017,GB,SEA,GB,home,1,1,1,10,GB,0,0,SINGLEBACK,7.0,2,17.37,21.36,4.78,3.68,0.49,32.18,154.19,Ty Montgomery,88,6-0,216,Stanford,RB,19.37,22.23077645602273
2017091010,2017,GB,SEA,GB,home,1,1,2,8,GB,0,0,I_FORM,8.0,3,100.36,30.029999999999998,3.43,3.03,0.47,358.88,-71.97,Ty Montgomery,88,6-0,216,Stanford,RB,103.36,27.177316244958345
2017091010,2017,GB,SEA,GB,home,1,1,2,1,GB,0,0,SINGLEBACK,8.0,3,41.97,26.4,4.15,2.81,0.45,1.43,88.81,Jamaal Williams,30,6-0,213,Brigham Young,RB,44.97,29.399352970167296
2017091010,2017,GB,SEA,SEA,away,1,1,1,10,SEA,0,0,I_FORM,8.0,-2,90.82,29.58,3.41,3.15,0.34,150.34,230.67,Eddie Lacy,27,5-11,250,Alabama,RB,88.82,31.127016932431843
2017091010,2017,GB,SEA,SEA,away,1,1,2,12,SEA,0,0,SHOTGUN,6.0,0,27.11,30.97,3.19,2.4,0.47,204.67,149.26999999999998,C.J. Prosise,22,6-1,225,Notre Dame,RB,27.11,30.97
2017091010,2017,GB,SEA,GB,home,1,2,1,10,GB,0,0,SINGLEBACK,6.0,2,71.84,21.31,4.44,3.54,0.54,139.35,213.88,Ty Montgomery,88,6-0,216,Stanford,RB,73.84,20.195089307876678
2017091010,2017,GB,SEA,SEA,away,1,2,1,10,SEA,0,0,SINGLEBACK,7.0,4,44.22,23.4,4.26,2.85,0.52,25.75,87.32,Chris Carson,32,5-11,222,Oklahoma State,RB,48.22,27.395625029436246
2017091010,2017,GB,SEA,GB,home,1,2,1,10,GB,0,0,I_FORM,8.0,3,110.02,26.69,4.35,2.01,0.5,126.35,209.88,Ty Montgomery,88,6-0,216,Stanford,RB,113.02,25.195444683981528
2017091010,2017,GB,SEA,GB,home,1,2,2,7,GB,0,0,I_FORM,7.0,0,106.73,19.86,5.27,2.87,0.56,122.76,208.02,Ty Montgomery,88,6-0,216,Stanford,RB,106.73,19.86
2017091010,2017,GB,SEA,SEA,away,1,2,1,10,SEA,0,0,SINGLEBACK,7.0,0,82.97999999999999,21.369999999999997,3.95,1.06,0.43,348.09,-111.29,Eddie Lacy,27,5-11,250,Alabama,RB,82.97999999999999,21.369999999999997
2017091010,2017,GB,SEA,GB,home,1,2,1,10,GB,0,0,SINGLEBACK,7.0,0,75.14,26.57,4.96,3.31,0.52,133.74,209.46,Ty Montgomery,88,6-0,216,Stanford,RB,75.14,26.57
2017091010,2017,GB,SEA,SEA,away,1,2,1,10,SEA,0,0,SINGLEBACK,7.0,-1,104.28999999999999,26.15,5.2,3.83,0.53,317.48,-160.97,C.J. Prosise,22,6-1,225,Notre Dame,RB,103.28999999999999,26.476063182174844
2017091010,2017,GB,SEA,SEA,away,1,2,2,11,SEA,0,0,SINGLEBACK,7.0,8,105.46000000000001,20.699999999999996,3.63,3.86,0.42,347.86,-104.46,C.J. Prosise,22,6-1,225,Notre Dame,RB,113.46000000000001,12.953422378797711
2017091010,2017,GB,SEA,SEA,away,1,2,3,3,SEA,0,0,SINGLEBACK,6.0,4,22.84,26.7,5.38,3.96,0.56,30.06,140.21,C.J. Prosise,22,6-1,225,Notre Dame,RB,26.84,29.25990239586181
2017091010,2017,GB,SEA,GB,home,1,3,1,10,GB,0,3,I_FORM,7.0,4,90.25,20.29,3.49,1.66,0.44,134.31,221.17,Ty Montgomery,88,6-0,216,Stanford,RB,94.25,17.656818374720334
2017091010,2017,GB,SEA,GB,home,1,3,1,20,GB,0,3,I_FORM,6.0,8,86.77,20.74,4.89,3.78,0.51,148.42,230.13,Ty Montgomery,88,6-0,216,Stanford,RB,94.77,14.599992728957504
2017091010,2017,GB,SEA,SEA,away,1,3,2,20,SEA,0,3,SHOTGUN,5.0,2,16.04,31.25,3.43,2.79,0.46,27.82,123.34,Chris Carson,32,5-11,222,Oklahoma State,RB,18.04,32.920847734969044
2017091010,2017,GB,SEA,GB,home,1,3,1,6,SEA,0,3,SHOTGUN,6.0,6,20.21,23.04,4.18,3.14,0.48,124.72,202.66,Ty Montgomery,88,6-0,216,Stanford,RB,26.21,20.728428628510592
2017091010,2017,GB,SEA,SEA,away,1,3,1,10,SEA,7,3,I_FORM,6.0,3,89.99,20.059999999999995,4.08,2.33,0.49,312.89,-162.76,Chris Carson,32,5-11,222,Oklahoma State,RB,92.99,19.17087533589409
2017091010,2017,GB,SEA,SEA,away,1,3,1,10,SEA,7,3,SINGLEBACK,6.0,30,75.27000000000001,24.299999999999997,3.91,2.58,0.46,326.85,-113.73,Chris Carson,32,5-11,222,Oklahoma State,RB,105.27000000000001,-3.163560254052584
2017091010,2017,GB,SEA,SEA,away,1,3,1,10,GB,7,3,SINGLEBACK,7.0,-3,86.93,26.05,5.5,3.0,0.57,49.69,152.52,Eddie Lacy,27,5-11,250,Alabama,RB,83.93,24.665683120242427
2017091010,2017,GB,SEA,SEA,away,1,3,1,3,GB,7,3,SINGLEBACK,7.0,0,17.930000000000007,27.4,4.22,1.6,0.48,346.56,-122.57,Chris Carson,32,5-11,222,Oklahoma State,RB,17.930000000000007,27.4
2017091010,2017,GB,SEA,GB,home,1,3,2,5,GB,7,6,SINGLEBACK,7.0,6,72.78,26.81,4.3,2.64,0.5,133.8,218.11,Ty Montgomery,88,6-0,216,Stanford,RB,78.78,23.106960729119702
2017091010,2017,GB,SEA,SEA,away,1,4,2,3,SEA,14,6,SINGLEBACK,7.0,0,70.95,20.53,4.73,3.65,0.48,150.53,210.67,Chris Carson,32,5-11,222,Oklahoma State,RB,70.95,20.53
2017091010,2017,GB,SEA,GB,home,1,4,2,5,GB,14,6,SHOTGUN,6.0,6,35.7,30.19,3.76,3.26,0.43,21.7,132.2,Ty Montgomery,88,6-0,216,Stanford,RB,41.7,34.6348275777205
2017091010,2017,GB,SEA,GB,home,1,4,2,2,SEA,14,6,SINGLEBACK,6.0,3,69.14,26.68,3.83,1.69,0.46,44.36,144.43,Ty Montgomery,88,6-0,216,Stanford,RB,72.14,28.42509145545299
2017091010,2017,GB,SEA,GB,home,1,4,2,10,SEA,14,6,SHOTGUN,5.0,6,47.519999999999996,29.839999999999996,3.57,2.66,0.38,323.79,-150.09,Jamaal Williams,30,6-0,213,Brigham Young,RB,53.519999999999996,26.84816579488341
2017091010,2017,GB,SEA,GB,home,1,4,1,10,GB,17,9,I_FORM,7.0,2,90.19,26.629999999999995,4.59,2.91,0.48,314.46,-149.62,Ty Montgomery,88,6-0,216,Stanford,RB,92.19,25.618534681538964
2017091010,2017,GB,SEA,GB,home,1,4,1,10,GB,17,9,I_FORM,7.0,3,42.18,29.91,3.6,3.08,0.44,5.9,113.73,Ty Montgomery,88,6-0,216,Stanford,RB,45.18,32.65635602540526
2017091010,2017,GB,SEA,GB,home,1,4,1,5,SEA,17,9,SINGLEBACK,8.0,0,61.35,20.229999999999997,3.91,1.84,0.45,292.82,-136.46,Ty Montgomery,88,6-0,216,Stanford,RB,61.35,20.229999999999997
2017091010,2017,GB,SEA,GB,home,1,4,2,5,SEA,17,9,SHOTGUN,6.0,1,60.76,23.839999999999996,2.87,1.39,0.39,348.4,-115.77,Ty Montgomery,88,6-0,216,Stanford,RB,61.76,22.93945346555123
2017091010,2017,GB,SEA,GB,home,1,4,1,5,SEA,17,9,I_FORM,7.0,-1,55.51,23.65,2.57,1.7,0.43,1.48,112.68,Ty Montgomery,88,6-0,216,Stanford,RB,54.51,22.727327260129883
2017091011,2017,SF,CAR,CAR,away,1,1,1,10,CAR,0,0,I_FORM,7.0,1,27.33,28.92,4.43,3.61,0.45,6.65,2.55,Jonathan Stewart,28,5-10,245,Oregon,RB,28.33,28.96449120468829
2017091011,2017,SF,CAR,CAR,away,1,1,3,2,CAR,0,0,SHOTGUN,7.0,7,38.79,30.14,3.72,3.35,0.37,28.95,131.94,Jonathan Stewart,28,5-10,245,Oregon,RB,45.79,35.34691590864917
2017091011,2017,SF,CAR,SF,home,1,1,1,15,SF,0,0,I_FORM,6.0,8,90.02,25.06,3.69,3.32,0.43,174.13,262.26,Carlos Hyde,28,6-0,229,Ohio State,RB,98.02,17.13288465422129
2017091011,2017,SF,CAR,SF,home,1,1,1,15,SF,0,0,SINGLEBACK,7.0,2,47.47,31.229999999999997,7.46,1.83,0.76,253.76,-172.88,Matt Breida,49,5-11,190,Georgia Southern,RB,49.47,30.982104283209992
2017091011,2017,SF,CAR,CAR,away,1,1,1,10,CAR,0,0,SINGLEBACK,6.0,3,101.72,26.58,5.25,2.81,0.54,327.44,-158.22,Jonathan Stewart,28,5-10,245,Oregon,RB,104.72,25.466868869288845
2017091011,2017,SF,CAR,CAR,away,1,1,2,7,CAR,0,0,SINGLEBACK,8.0,1,98.23,21.859999999999996,4.38,2.5,0.46,355.76,-117.88,Fozzy Whittaker,43,5-10,205,Texas,RB,99.23,20.976071085438157
2017091011,2017,SF,CAR,SF,home,1,1,1,10,SF,0,0,SINGLEBACK,7.0,12,91.42,27.07,3.92,2.74,0.46,167.99,244.0,Carlos Hyde,28,6-0,229,Ohio State,RB,103.42,16.28447144441
2017091011,2017,SF,CAR,SF,home,1,1,1,10,SF,0,0,SINGLEBACK,8.0,2,67.24,26.0,5.33,3.36,0.55,149.88,228.4,Carlos Hyde,28,6-0,229,Ohio State,RB,69.24,24.504403819002935
