State,Year,Commercial,Electric Power,Industrial,Population,Residential,Transportation
Alabama,1990,2.42905961,50.27912291,25.15260302,4050055.0,3.090437994,28.13211289
Alabama,1991,1.999039181,54.17572092,25.35642866,4099156.0,3.015759107,28.69669902
Alabama,1992,2.10271026,56.93123865,28.35753465,4154014.0,3.203561102,29.38596629
Alabama,1993,2.050459531,62.81750371,26.18251082,4214202.0,3.420544658,29.51122185
Alabama,1994,2.054953587,58.81594081,27.12284387,4260229.0,3.301291875,30.66061877
Alabama,1995,1.962635606,64.40742034,27.83579769,4296800.0,3.311795951,32.15012816
Alabama,1996,2.16116966,69.57749278,28.69560786,4331102.0,3.726128311,31.54043078
Alabama,1997,2.41725419,67.96935336,28.71109015,4367935.0,3.342523608,31.16940035
Alabama,1998,1.903053976,68.93072565,25.53367821,4404701.0,3.107526768,31.77765917
Alabama,1999,2.187002963,70.05937282,25.69769616,4430141.0,3.311441421,32.16014285
Alabama,2000,2.249259264,74.89726339,25.05669072,4447100.0,3.659040878,33.54666855
Alabama,2001,2.163411252,72.16981157,21.67986136,4467634.0,3.531741702,31.50646673
Alabama,2002,1.992450203,75.61479855,21.66985636,4480089.0,3.241810682,33.50170931
Alabama,2003,2.089619089,76.33260667,22.87043509,4503491.0,3.082443039,32.22753484
Alabama,2004,2.156909764,75.84225401,23.29474997,4530729.0,2.975717981,35.0389334
Alabama,2005,1.845364474,79.45518208,21.8356008,4569805.0,2.71552007,34.9750812
Alabama,2006,2.221401682,81.74055834,21.39072107,4628981.0,2.500806428,35.59589794
Alabama,2007,1.987871607,83.99531856,20.88349745,4672840.0,2.368922837,36.14558254
Alabama,2008,2.00558636,79.22448094,20.6289889,4718206.0,2.523544719,34.08755017
Alabama,2009,1.911421108,65.02485862,17.27462164,4757938.0,2.491174728,32.68519566
Alabama,2010,2.106000397,75.16996481,18.46710183,4779736.0,2.829480521,33.52332015
Alaska,1990,2.197296908,2.606027295,15.82846658,553290.0,1.580325003,12.09042723
Alaska,1991,2.232936673,2.464171257,17.43604242,570193.0,1.597609887,11.16871138
Alaska,1992,2.514159057,2.293175863,18.87355424,588736.0,1.742956743,10.8591926
Alaska,1993,2.560881642,2.318982598,18.50589877,599432.0,1.731158676,11.0268453
Alaska,1994,2.58599206,2.332361018,18.06131079,603308.0,1.773314557,11.19399207
Alaska,1995,2.501824075,2.40993258,21.43899297,604412.0,1.812679163,12.33479388
Alaska,1996,2.710370929,2.531789806,22.526757,608569.0,1.79586725,12.0104097
Alaska,1997,2.562720972,2.735766453,21.16732835,612968.0,1.70303391,13.48820666
Alaska,1998,2.666850538,2.907414301,21.66127893,619932.0,1.650976693,13.75329197
Alaska,1999,2.824665119,3.012661663,20.57969202,624779.0,1.950547069,14.81653411
Alaska,2000,2.690273752,3.159730701,20.52627572,626932.0,1.737993441,15.7204083
Alaska,2001,2.486117392,3.240643556,20.63419329,633714.0,1.805080456,14.72566241
Alaska,2002,2.066354177,3.256835105,21.07938174,642337.0,1.621757086,15.02941515
Alaska,2003,1.931954286,2.97254043,20.78751316,648414.0,1.641573247,15.6907385
Alaska,2004,2.207944592,3.156847441,20.02034596,659286.0,1.799170719,19.14519083
Alaska,2005,2.12050037,3.22299711,21.42456743,666946.0,1.767700189,18.9751586
Alaska,2006,2.419091739,3.467443591,18.40123453,675302.0,2.152499643,19.13434042
Alaska,2007,2.195779223,3.261310615,18.5583478,680300.0,1.84930611,18.03616793
Alaska,2008,2.264648815,3.253488115,16.47857773,687455.0,1.854560334,15.41368614
Alaska,2009,2.138051151,3.137796989,16.83555452,698895.0,1.861631548,13.61844934
Alaska,2010,2.530072323,3.030174383,16.09860419,710231.0,1.796302432,14.99549633
Arizona,1990,1.899724989,32.52174932,3.861070754,3684097.0,1.826600543,22.83456638
Arizona,1991,1.832979252,32.75719663,3.918609093,3788576.0,1.889313054,23.3602381
Arizona,1992,1.776843394,35.36537838,3.925070103,3915740.0,1.754703345,23.73523371
Arizona,1993,1.738699538,36.58383217,3.941926154,4065440.0,1.713540844,25.05159577
Arizona,1994,1.828961154,38.01339995,4.343487612,4245089.0,1.799027333,25.7095306
Arizona,1995,1.79267051,32.2963261,4.677597301,4432499.0,1.689254912,26.16595917
Arizona,1996,1.87596855,32.292012,4.862292635,4586940.0,1.654429803,27.79575068
Arizona,1997,1.978731074,34.99806985,4.970828195,4736990.0,1.839840453,27.81932857
Arizona,1998,2.279443634,36.86782243,4.697777348,4883342.0,2.165388053,29.99823887
Arizona,1999,2.203827276,39.3911127,4.792250939,5023823.0,2.077321333,31.66679851
Arizona,2000,2.19317704,44.25450129,4.764452974,5130632.0,2.127139201,32.47131348
Arizona,2001,2.086307214,45.49862793,4.858617954,5273477.0,2.186488247,33.52605753
Arizona,2002,2.165857716,44.52768522,4.326534012,5396255.0,2.162166255,34.36446609
Arizona,2003,2.040290693,45.66136067,4.048593781,5510364.0,2.129220976,35.25200841
Arizona,2004,2.01981779,51.22987453,4.596972846,5652404.0,2.237840202,36.31895584
Arizona,2005,2.004688402,50.34927842,5.03516989,5839077.0,2.125826755,36.99617098
Arizona,2006,2.034765783,52.28255073,5.09218316,6029141.0,2.147214287,38.24654175
Arizona,2007,2.121553005,54.71881733,4.915030449,6167681.0,2.26997687,37.92909033
Arizona,2008,2.420103684,57.10940899,5.38599122,6280362.0,2.411500108,35.53788092
Arizona,2009,2.215278998,51.99799239,4.315367137,6343154.0,2.176942493,33.67795068
Arizona,2010,2.37675801,53.87430502,4.817550782,6392017.0,2.321389481,32.21692348
Arkansas,1990,1.620642407,21.59663027,9.350442233,2356586.0,2.52177823,16.1560991
Arkansas,1991,1.629577131,21.73690311,8.066898042,2383144.0,2.575407218,16.29614345
Arkansas,1992,1.586106323,22.11436771,9.562616722,2415984.0,2.454788533,16.21673013
Arkansas,1993,1.812628166,19.80120032,9.66133749,2456303.0,2.83637291,17.01673159
Arkansas,1994,1.748302126,22.03751377,10.46367096,2494019.0,2.630947619,18.13057876
Arkansas,1995,1.795240688,23.96353649,11.39746269,2535399.0,2.708858906,18.4881546
Arkansas,1996,1.902025934,26.20868821,11.17569599,2572109.0,2.861105116,18.851798
Arkansas,1997,1.79313508,24.54110918,11.57075863,2601090.0,2.646036055,19.42796632
Arkansas,1998,1.752452427,25.46810182,11.43234091,2626289.0,2.345694063,19.653801
Arkansas,1999,1.786620204,26.51662691,10.88670665,2651860.0,2.65858878,20.87770614
Arkansas,2000,2.105655466,26.15533975,10.95150386,2673400.0,2.909536575,20.96715382
Arkansas,2001,2.137309486,26.69820947,10.9634195,2691571.0,2.649908016,19.80638701
Arkansas,2002,2.131977001,25.28601969,10.52903623,2705927.0,2.616024356,20.42508685
Arkansas,2003,2.170548933,26.06245599,10.55264128,2724816.0,2.482713581,20.18360341
Arkansas,2004,2.020417727,26.88389385,10.28374731,2749686.0,2.247257672,20.6633293
Arkansas,2005,2.12248449,25.05256182,9.929935993,2781097.0,2.150469752,20.66625461
Arkansas,2006,1.874440704,27.16531539,10.07719872,2821761.0,2.067099471,20.69587991
Arkansas,2007,1.861461919,28.31419576,9.890892344,2848650.0,2.090780761,21.16532995
Arkansas,2008,2.172759078,28.73103084,9.809889225,2874554.0,2.336878935,20.82112337
Arkansas,2009,2.504189058,28.58173006,8.061211956,2896843.0,2.205496087,20.35210523
Arkansas,2010,2.567036637,32.03267995,8.853602743,2915918.0,2.315044243,20.41882586
California,1990,18.95532405,40.17557173,71.61567248,29959515.0,29.46993314,202.7633518
California,1991,19.11035499,37.95346238,72.99930653,30470736.0,29.24804004,192.0150634
California,1992,17.41741508,45.52784494,73.28858612,30974659.0,27.20032257,192.072103
California,1993,15.51217424,41.92618617,70.53252344,31274928.0,28.78914171,188.8281773
California,1994,15.90734128,49.36315583,70.80777972,31484435.0,29.35064524,196.7326447
California,1995,16.99811013,37.06914019,69.6847097,31696582.0,26.74354496,200.787196
California,1996,14.73541862,32.75013977,72.86620442,32018834.0,26.94320296,204.8776535
California,1997,15.3344544,35.74891534,77.69028131,32486010.0,26.73153501,199.7376565
California,1998,17.7487139,39.28928857,75.42703336,32987675.0,32.24998629,200.6491351
California,1999,14.9044076,43.21996739,73.45939112,33499204.0,31.91895391,204.9242642
California,2000,14.36675103,52.81743252,72.82659749,33871648.0,27.5260029,215.8318892
California,2001,14.84353927,57.72937066,74.52849682,34479458.0,28.62603398,211.8183145
California,2002,14.22730267,43.64740476,76.16964799,34871843.0,28.64184297,223.8731899
California,2003,13.9726041,42.62408725,75.57824394,35253159.0,28.31629735,231.0436679
California,2004,14.10749249,46.37128009,79.74494438,35574576.0,29.39485649,223.9065206
California,2005,14.2193931,41.99855097,76.8780956,35827943.0,28.17184232,229.773532
California,2006,14.44042123,46.49989008,76.27552695,36021202.0,28.3683569,234.2978707
California,2007,15.07437312,50.04160989,74.619521,36250311.0,28.58144582,237.9842126
California,2008,15.55350004,50.92476285,70.89045217,36604337.0,28.77641911,225.1537132
California,2009,15.753843,47.85563062,66.5074188,36961229.0,28.27191723,218.2735643
California,2010,15.93589459,43.42128376,68.06969504,37253956.0,28.88529418,214.5777764
Colorado,1990,3.984750106,31.27179093,5.597824325,3307618.0,5.333062968,19.14705461
Colorado,1991,4.286409259,30.59988681,7.315694599,3387119.0,5.808733919,19.33681206
Colorado,1992,4.116104121,31.54962758,7.50787442,3495939.0,5.556100187,19.5945099
Colorado,1993,4.274655585,32.12602386,8.098780431,3613734.0,6.138055516,21.50771159
Colorado,1994,4.070375047,33.47311669,7.628434101,3724168.0,5.722710328,21.72190475
Colorado,1995,4.036945277,32.50127586,7.57856672,3826653.0,6.151432947,22.41238115
Colorado,1996,4.235235271,34.20302726,7.843044962,3919972.0,6.495455593,22.91321255
Colorado,1997,4.211612061,34.39724528,8.242196552,4018293.0,6.303506014,22.74884512
Colorado,1998,3.800502953,34.83445336,8.835359906,4116639.0,5.974410425,23.88372539
Colorado,1999,3.835570842,35.0941747,8.681170274,4226018.0,6.4381706,25.42513749
Colorado,2000,3.794633872,38.63808238,9.169874742,4301261.0,6.881187431,25.68946578
Colorado,2001,4.410595265,40.84216332,12.43895062,4425687.0,7.305191755,27.02103931
Colorado,2002,4.342352392,39.59856932,11.99567947,4490406.0,7.584870744,26.85866201
Colorado,2003,4.188825656,39.73314445,11.3360828,4528732.0,7.641233853,26.24817206
Colorado,2004,4.062552049,39.77964885,11.70661146,4575013.0,7.267562734,29.26407383
Colorado,2005,4.088826335,40.10307119,12.68574913,4631888.0,7.606805734,29.89669755
Colorado,2006,3.78862122,41.04320957,12.57104885,4720423.0,7.168982224,30.71696172
Colorado,2007,3.784724871,42.41196197,12.81311394,4803868.0,7.860459482,31.50336065
Colorado,2008,4.485710008,40.52469009,13.08583879,4889730.0,8.132621083,30.49839278
Colorado,2009,4.658199286,37.95797387,13.26502535,4972195.0,7.775464662,29.4955862
Colorado,2010,4.189880026,39.35171931,14.10413921,5029196.0,7.906667728,29.94429576
Connecticut,1990,3.800656173,10.9388463,2.940272746,3291967.0,8.139676838,14.69686972
Connecticut,1991,3.634131049,10.52915957,3.082256322,3302895.0,7.883082866,14.58460833
Connecticut,1992,4.280225966,8.477710929,3.324548872,3300712.0,9.347562126,14.67794677
Connecticut,1993,3.817286142,7.333910027,3.384662916,3309175.0,8.92489167,14.78203684
Connecticut,1994,4.145217025,7.200807502,2.983819084,3316121.0,8.534789295,14.66009902
Connecticut,1995,3.813553146,8.008654152,2.760468183,3324144.0,7.839350116,14.39044858
Connecticut,1996,4.104069917,9.050329421,2.885276537,3336685.0,8.317203899,15.19677955
Connecticut,1997,4.27420565,12.12179716,2.76290574,3349348.0,8.067522951,15.24094304
Connecticut,1998,4.011177463,10.98297425,2.60049511,3365352.0,7.017075954,15.47572085
Connecticut,1999,4.265714002,9.809831335,2.65514779,3386401.0,7.929669541,16.72344038
Connecticut,2000,4.518690069,10.55370762,2.741561807,3405565.0,8.672988946,16.21041122
Connecticut,2001,4.292781265,9.371846124,2.495551913,3432835.0,8.402929639,16.94168674
Connecticut,2002,4.102866395,8.497774437,2.407462219,3458749.0,8.137736909,16.87185738
Connecticut,2003,4.880520795,7.749083106,2.836934248,3484336.0,9.494367246,17.37172971
Connecticut,2004,3.914170997,8.534714419,2.619497755,3496094.0,10.18042142,19.287208
Connecticut,2005,3.730328067,9.774645324,2.654642387,3506956.0,9.281094798,18.40307125
Connecticut,2006,3.310621224,9.354378089,2.580311272,3517460.0,8.026402499,17.61584762
Connecticut,2007,3.347493382,8.714642342,2.309003439,3527270.0,8.29689656,17.65324348
Connecticut,2008,3.402037701,7.830135241,1.964993834,3545579.0,8.187506994,16.94864655
Connecticut,2009,3.320713002,6.492985409,2.116979059,3561807.0,8.276495204,16.45706811
Connecticut,2010,3.389550759,7.615381975,1.9851742,3574097.0,7.748740778,16.28786658
Delaware,1990,0.575651122,7.488457243,4.036619444,669567.0,1.069005526,4.529646668
Delaware,1991,0.575350227,7.750761595,3.047520761,683080.0,1.094002691,5.075013031
Delaware,1992,0.551391467,6.758987214,4.360132515,694925.0,1.155725985,4.695020452
Delaware,1993,0.68707635,7.507661896,4.637909551,706378.0,1.174858124,4.9080211
Delaware,1994,0.614978582,7.115655767,4.777667007,717545.0,1.225221573,4.551351119
Delaware,1995,0.570962285,6.645844166,4.924045607,729734.0,1.16862688,4.313727453
Delaware,1996,0.72324968,6.575921647,4.914598691,740977.0,1.266880514,4.781994718
Delaware,1997,0.697973818,5.687457355,4.795451228,751487.0,1.13139616,4.671530503
Delaware,1998,0.603209586,5.363873679,4.519102269,763335.0,1.061861296,4.710757631
Delaware,1999,0.635767523,4.983920164,4.836226413,774990.0,1.133596854,4.887891056
Delaware,2000,0.627491818,5.195681029,4.575188522,783600.0,1.215479201,5.077293709
Delaware,2001,0.681723277,5.087177565,4.384733034,795699.0,1.170064978,4.702107511
Delaware,2002,0.740823743,5.044866408,3.993434768,806169.0,1.178471837,4.936458653
Delaware,2003,0.789641267,5.783547584,3.817739117,818003.0,1.291000736,4.825010939
Delaware,2004,0.785944566,5.887497038,3.658594971,830803.0,1.218535961,4.95561028
Delaware,2005,0.727481324,6.292256305,3.925487895,845150.0,1.194086947,5.164953065
Delaware,2006,0.725011824,5.620333198,3.642743929,859268.0,0.991933453,5.186293659
Delaware,2007,0.683850778,6.565115433,3.589164628,871749.0,1.010905307,5.227649455
Delaware,2008,0.648010494,6.144546664,3.424889592,883874.0,0.978459066,5.050034828
Delaware,2009,0.840150931,3.779343743,1.503106649,891730.0,1.039766332,4.865007588
Delaware,2010,0.83176942,4.17370518,1.547921449,897934.0,1.058586297,4.552162104
District of Columbia,1990,1.238872689,0.407754386,0.038293766,605321.0,0.919242175,1.838025847
District of Columbia,1991,1.367078556,0.232017619,0.026353473,600870.0,0.92695543,1.836613605
District of Columbia,1992,1.369848707,0.115628849,0.032620336,597565.0,0.993219682,1.856642301
District of Columbia,1993,1.442419119,0.223643274,0.023751509,595301.0,0.984778882,1.879855814
District of Columbia,1994,1.424046528,0.309274161,0.03543625,589239.0,0.932579273,1.813242526
District of Columbia,1995,1.429541394,0.221750112,0.026350585,580517.0,0.963727295,1.790195812
District of Columbia,1996,1.430159656,0.134908015,0.025356273,572377.0,1.064185878,1.733280575
District of Columbia,1997,1.393058924,0.089797299,0.032994281,567736.0,0.979497866,1.771284756
District of Columbia,1998,1.254571032,0.262079415,0.020711864,565230.0,0.826704722,1.71625071
District of Columbia,1999,1.225432622,0.253799484,0.070003846,570213.0,0.859597858,1.747658396
District of Columbia,2000,1.342592853,0.171586595,0.026658131,572059.0,0.937440044,1.827967541
District of Columbia,2001,1.374725308,0.156341818,0.064892598,574504.0,0.797761897,1.693883705
District of Columbia,2002,1.319779405,0.26700416,0.068138995,573158.0,0.926296794,1.60907529
District of Columbia,2003,1.195042539,0.081937095,0.10241541,568502.0,0.978927498,1.560130195
District of Columbia,2004,1.272180277,0.055832529,0.072091623,567754.0,0.950994312,1.669987223
District of Columbia,2005,1.331996508,0.232335238,0.060442819,567136.0,0.930773857,1.384202943
District of Columbia,2006,1.104372536,0.099449756,0.06076801,570681.0,0.699043879,1.235631214
District of Columbia,2007,1.232748801,0.084930337,0.043474612,574404.0,0.821103898,1.221915438
District of Columbia,2008,1.150378323,0.070360127,0.039923383,580236.0,0.790584526,1.082698838
District of Columbia,2009,1.196903321,0.036642034,0.036231117,592228.0,0.820323926,1.127935756
District of Columbia,2010,1.163487938,0.186973891,0.033927383,601723.0,0.82577435,1.080768514
Florida,1990,6.241655557,85.18748777,12.18054632,13033307.0,1.529489009,81.43627647
Florida,1991,5.965993625,91.24371308,11.46246077,13369798.0,1.568902713,77.10916517
Florida,1992,5.949348136,89.17334923,13.05734004,13650553.0,1.735214215,79.85552506
Florida,1993,4.767074987,93.34597981,14.3249553,13927185.0,1.661102613,79.07825533
Florida,1994,4.34468933,95.08329961,15.11169898,14239444.0,1.562215748,84.39570618
Florida,1995,4.326902369,97.16886022,16.34843073,14537875.0,1.482347264,86.56671352
Florida,1996,4.155256822,101.9005153,16.37516006,14853360.0,1.647607543,87.43063111
Florida,1997,3.631064146,105.8737852,15.42861164,15186304.0,1.360351541,90.64983428
Florida,1998,3.545856696,116.3509641,15.68602863,15486559.0,1.438879606,92.09284462
Florida,1999,3.629308574,112.6714449,15.79006693,15759421.0,1.409102285,94.850338
Florida,2000,4.800396575,114.9621264,14.82154632,15982378.0,1.511267988,100.5476969
Florida,2001,4.894581709,115.9114858,14.02853528,16356966.0,1.421747759,99.12215134
Florida,2002,5.005904581,118.542584,12.72979734,16689370.0,1.375293853,101.4545454
Florida,2003,4.914007123,123.2761269,13.49939683,17004085.0,1.402644327,99.5848925
Florida,2004,5.848248323,124.0444762,12.62482895,17415318.0,1.538050087,111.0724295
Florida,2005,5.656075815,124.7394317,12.80557729,17842038.0,1.486715534,113.9817528
Florida,2006,5.182390109,121.5474106,12.87563744,18166990.0,1.415747817,116.633284
Florida,2007,4.687788919,122.547899,11.67730297,18367842.0,1.308954062,115.6998262
Florida,2008,4.707026799,115.3121328,11.24481663,18527305.0,1.322161145,106.3512463
Florida,2009,4.869676591,109.0333315,10.33740752,18652644.0,1.423395865,99.64192927
Florida,2010,5.375277854,117.9266994,12.59611572,18801310.0,1.608214087,107.0732122
Georgia,1990,3.867458693,61.44406475,18.48399322,6512602.0,5.817005029,48.66452323
Georgia,1991,3.624840005,55.08528325,18.11108461,6653005.0,6.171881953,47.43988136
Georgia,1992,3.96450456,52.87588394,18.35279935,6817203.0,6.879216053,47.93288564
Georgia,1993,4.030786221,57.32891334,17.99820695,6978240.0,7.355969113,53.28448957
Georgia,1994,3.916825027,59.76861483,18.67731016,7157165.0,6.744556116,53.83806629
Georgia,1995,4.132858508,63.91089374,19.65784626,7328413.0,7.22098885,56.40654194
Georgia,1996,4.147144065,63.67306991,20.33213407,7501069.0,7.874277872,59.75443158
Georgia,1997,4.070684571,68.19960405,19.8052021,7685099.0,7.252876666,57.4422153
Georgia,1998,3.671765905,68.6644648,18.41320485,7863536.0,6.756148903,59.46793149
Georgia,1999,3.274170154,69.95470173,18.31041196,8045965.0,6.373923069,61.4589054
Georgia,2000,4.14173114,73.78323444,19.19279895,8186453.0,8.706361192,61.52901202
Georgia,2001,3.770666124,68.58174922,18.57517435,8377038.0,7.377678993,61.41947539
Georgia,2002,3.362936061,73.31560163,18.64331577,8508256.0,7.639436924,61.58343512
Georgia,2003,3.407712574,73.36863704,19.31816215,8622793.0,7.894826688,63.08102915
Georgia,2004,3.784725966,75.41035902,19.52951963,8769252.0,7.757883511,66.40997061
Georgia,2005,3.606714727,83.13911307,19.57160297,8925922.0,7.561757292,69.25917805
Georgia,2006,3.20633006,83.87177881,18.65472317,9155813.0,6.662150697,68.35274856
Georgia,2007,3.245923875,89.36259198,17.37305243,9349988.0,6.744556786,67.07627015
Georgia,2008,3.365645764,83.61984271,16.25247833,9504843.0,7.193266433,62.16704199
Georgia,2009,3.558121184,72.11190626,14.20285357,9620846.0,7.12768463,65.78925242
Georgia,2010,4.047509014,77.41581376,15.31518767,9687653.0,8.317473045,67.89285625
Hawaii,1990,0.754474614,7.313019513,2.11512448,1113491.0,0.045610567,11.12556998
Hawaii,1991,0.435223439,6.029268803,2.020433634,1136754.0,0.045135638,10.88032536
Hawaii,1992,0.920913503,6.978195692,1.979134672,1158613.0,0.07492268,10.38547372
Hawaii,1993,0.333464174,7.001607007,1.834593607,1172838.0,0.041442695,9.367069661
Hawaii,1994,0.513852426,7.232576814,2.020684494,1187536.0,0.042396071,10.04934803
Hawaii,1995,0.318434576,7.499375779,1.978310284,1196854.0,0.041707336,9.897766539
Hawaii,1996,0.244379601,7.770963405,2.075560924,1203755.0,0.041620882,8.735313884
Hawaii,1997,0.308139891,7.708456966,1.969198564,1211640.0,0.049254923,8.414403548
Hawaii,1998,1.093768703,7.535773183,1.478394018,1215233.0,0.089124015,8.222564347
Hawaii,1999,0.272012704,7.633200504,1.310280727,1210300.0,0.06299428,8.866142302
Hawaii,2000,0.276450061,7.752125669,1.337662657,1211537.0,0.075806145,9.023747069
Hawaii,2001,0.238480946,7.747418217,1.340829366,1225948.0,0.076197653,9.538004351
Hawaii,2002,0.31167814,8.31872498,1.503079192,1239613.0,0.077136037,10.11672245
Hawaii,2003,0.276734953,7.744221019,1.522476243,1251154.0,0.064559081,11.69845943
Hawaii,2004,0.329093093,8.033159973,1.512383138,1273569.0,0.06451325,12.44573408
Hawaii,2005,0.331708907,7.980871747,1.765568128,1292729.0,0.064453626,12.84763485
Hawaii,2006,0.334955964,7.955546186,1.79679635,1309731.0,0.066998916,13.04026693
Hawaii,2007,0.279559806,7.983263748,1.629413516,1315675.0,0.058958655,14.09038832
Hawaii,2008,0.297281087,7.797009144,1.438379814,1332213.0,0.090812521,9.778782423
Hawaii,2009,0.348978384,7.589326029,1.418269943,1346717.0,0.086042823,9.070134031
Hawaii,2010,0.345382756,7.313424329,1.487768036,1360301.0,0.084758208,9.384358507
Idaho,1990,0.802650553,0.000682239,3.457518186,1012384.0,0.789536044,6.348511098
Idaho,1991,0.948806936,0.000383948,4.006124497,1041316.0,0.905783682,6.204594807
Idaho,1992,0.867534793,0.000462718,3.342633253,1071685.0,0.810380505,6.337898304
Idaho,1993,0.841513614,9.7709e-05,3.467024078,1108768.0,1.008031671,7.195052303
Idaho,1994,0.82768726,3.48656e-05,3.559875288,1145140.0,0.941943297,7.314491394
Idaho,1995,0.848524858,0.0002772,3.772230291,1177322.0,0.991690437,7.807701788
Idaho,1996,0.973270205,0.010255004,3.852276656,1203083.0,1.087032819,7.946841768
Idaho,1997,0.880305802,0.097787269,3.62568477,1228520.0,1.116102331,8.157831883
Idaho,1998,0.943417163,0.096802811,3.663322439,1252330.0,1.094315314,8.314486533
Idaho,1999,1.08054154,0.097474466,3.669195097,1275674.0,1.354406156,8.773538848
Idaho,2000,1.073194511,0.096620975,4.178071422,1293953.0,1.515604925,8.812350015
Idaho,2001,1.033701563,0.574382255,3.967273454,1319962.0,1.438001462,8.604176479
Idaho,2002,0.983727849,0.141178374,3.75418814,1340372.0,1.423374896,8.755726589
Idaho,2003,0.863994435,0.509909623,3.394310798,1363380.0,1.303728888,8.26829165
Idaho,2004,0.977609569,0.648336316,3.815053377,1391802.0,1.559382239,8.695719449
Idaho,2005,0.995467811,0.618429016,3.951044752,1428241.0,1.549749561,8.6985652
Idaho,2006,0.99445245,0.52321372,3.442768698,1468669.0,1.621276215,9.297950653
Idaho,2007,1.059500061,0.679379967,3.472756129,1505105.0,1.595093431,9.629204133
Idaho,2008,1.119004276,0.674909726,3.324330774,1534320.0,1.822065028,8.945098939
Idaho,2009,1.046712015,0.676060351,3.282633389,1554439.0,1.71486209,8.742041416
Idaho,2010,1.072418931,0.667011913,3.467396005,1567582.0,1.612503296,9.498230904
Illinois,1990,12.50607676,56.62700165,43.9415369,11453316.0,25.46792375,54.38121606
Illinois,1991,11.9717854,57.68436837,44.36418962,11568964.0,26.79559661,52.10897304
Illinois,1992,12.2083021,52.55061196,44.18569702,11694184.0,27.07939883,52.93824576
Illinois,1993,12.54919324,63.63139887,44.22208473,11809579.0,28.18074122,56.1425192
Illinois,1994,12.27490446,66.10712576,45.25411414,11912585.0,26.96211512,54.07417897
Illinois,1995,12.49095301,66.87439128,45.4480614,12008437.0,28.42091575,55.58559024
Illinois,1996,13.30264478,74.52226456,46.74610221,12101997.0,30.74466266,57.63898229
Illinois,1997,12.88709944,79.61624207,47.99102283,12185715.0,28.59263427,57.98698746
Illinois,1998,11.03005228,77.21739466,45.44558538,12271847.0,23.55384128,59.14565338
Illinois,1999,11.5600733,77.73493375,44.98043759,12359020.0,26.14770648,65.31765106
Illinois,2000,12.37338487,83.86904155,42.80949386,12419293.0,26.87856462,67.04408207
Illinois,2001,11.75192752,83.96826811,38.8834365,12488445.0,24.30492896,64.76976823
Illinois,2002,12.39446304,86.38258181,38.34823139,12525556.0,26.17845565,62.66690308
Illinois,2003,12.85525816,86.38304988,37.25328969,12556006.0,26.77545238,65.06173909
Illinois,2004,12.19364684,91.95225765,36.95969049,12589773.0,25.06517513,69.30333842
Illinois,2005,11.82936132,91.32893304,37.58049908,12609903.0,24.72959061,76.98527436
Illinois,2006,11.58409175,89.8726857,37.31470608,12643955.0,22.68234738,73.34195168
Illinois,2007,11.8287388,94.7313958,37.82427451,12695866.0,24.66974131,73.69472323
Illinois,2008,13.16472792,94.58554373,36.31755676,12747038.0,26.8723116,70.33807454
Illinois,2009,13.19349738,88.3932088,31.22289293,12796778.0,25.27447775,68.18838658
Illinois,2010,11.65919615,92.01305259,35.36881544,12830632.0,23.92211259,67.73788706
Indiana,1990,5.452889268,94.91039603,53.90432086,5557798.0,9.636582845,40.86725612
Indiana,1991,5.286024317,94.86983594,51.34080302,5616388.0,9.845282682,39.82165446
Indiana,1992,5.479511247,93.25382957,50.50598234,5674547.0,10.05667999,39.25953169
Indiana,1993,5.750293627,96.69128451,47.30386048,5739019.0,10.86259354,41.2953374
Indiana,1994,5.580133552,100.0247308,43.40710121,5793526.0,10.29492262,42.76814606
Indiana,1995,5.668427155,101.7670279,45.49125752,5851459.0,10.35445714,43.9084417
Indiana,1996,6.02041459,103.3463136,47.64178103,5906013.0,11.69991293,43.17435586
Indiana,1997,5.856005514,107.9299909,49.03141965,5955267.0,11.03779664,43.24158344
Indiana,1998,5.520244166,108.5938502,48.65866031,5998880.0,9.111656488,43.64438886
Indiana,1999,5.470507687,110.9728032,49.95307549,6044969.0,10.35988922,44.52234471
Indiana,2000,6.255283361,117.26998,52.74377409,6080485.0,10.62612961,46.55934041
Indiana,2001,5.64156303,112.3258132,54.38497395,6127760.0,9.440745023,42.55048578
Indiana,2002,5.871563351,111.6680015,54.07158157,6155967.0,10.17993393,45.87478432
Indiana,2003,6.723501112,113.401411,54.58147443,6196638.0,11.09165435,47.01851719
Indiana,2004,6.394387135,115.8530121,56.85712508,6233007.0,9.653875063,45.16212888
Indiana,2005,5.44734552,118.8459291,53.41942285,6278616.0,9.485424857,45.42303037
Indiana,2006,4.718487222,118.7484184,53.33559796,6332669.0,8.041021478,46.45357152
Indiana,2007,5.077964391,118.7966162,52.68304287,6379599.0,9.044333899,45.51104315
Indiana,2008,6.099560319,119.1081863,49.89976221,6424806.0,9.774321809,43.17416991
Indiana,2009,5.748771857,106.0311078,43.96698213,6459325.0,8.967776638,41.08497124
Indiana,2010,5.37106848,111.1366606,48.05458413,6483802.0,8.714442043,42.52684616
Iowa,1990,3.187376399,26.65065649,12.74372693,2781018.0,5.015484099,16.31661457
Iowa,1991,3.503424776,27.50073854,13.71059045,2797613.0,5.535276541,15.73441306
Iowa,1992,3.125801721,26.5136268,14.176419,2818401.0,5.204415721,15.54496848
Iowa,1993,3.300822263,28.38056951,14.73439618,2836972.0,5.821799712,16.2021084
Iowa,1994,2.916699014,28.36744043,15.52892398,2850746.0,5.568477605,17.12170911
Iowa,1995,3.16012126,30.32209157,15.92352004,2867373.0,5.746475374,17.78766719
Iowa,1996,3.745735446,30.27819431,15.96128906,2880000.0,6.435503181,19.05550108
Iowa,1997,3.847908298,30.87212578,15.72835909,2891119.0,6.020096738,18.57345902
Iowa,1998,3.354895404,33.7329826,15.83625937,2902872.0,5.055198479,19.21264123
Iowa,1999,3.761806948,33.79365303,15.96814844,2917634.0,5.526263706,19.06231805
Iowa,2000,3.539507749,35.56601111,15.59927451,2926324.0,5.557311688,18.74096857
Iowa,2001,3.519402972,35.62063064,15.19331103,2931997.0,4.900099809,18.63263145
Iowa,2002,3.633906478,35.29897306,15.05150681,2934234.0,5.255054283,19.23673101
Iowa,2003,3.757854446,35.46018211,14.05917325,2941999.0,5.358939866,19.27076226
Iowa,2004,3.467549775,35.92751365,14.86903247,2953635.0,4.846016402,20.52660636
Iowa,2005,3.470797438,35.1968671,15.01885487,2964454.0,4.830701111,21.25359227
Iowa,2006,3.828175082,35.48273684,15.49705739,2982644.0,4.496703314,21.82013666
Iowa,2007,3.93482563,38.68224711,17.13558474,2999212.0,4.827809812,22.3149873
Iowa,2008,4.335732748,40.39287197,17.61582145,3016734.0,5.550512927,21.54467034
Iowa,2009,4.631640702,36.55325596,17.60909563,3032870.0,5.210723438,20.99507405
Iowa,2010,4.449134167,40.09793188,19.08876317,3046355.0,4.887865154,21.72307655
Kansas,1990,3.221961946,27.11102809,15.87820152,2481349.0,4.087835334,19.30166233
Kansas,1991,3.383575237,27.24392447,15.46339511,2498722.0,4.344291502,18.02022776
Kansas,1992,3.124453828,24.63457332,16.29385792,2532394.0,4.027833935,17.79507118
Kansas,1993,3.320202189,29.9230097,16.1896026,2556547.0,4.741386576,18.11560549
Kansas,1994,3.086494939,29.95937346,18.12066296,2580513.0,4.211388558,17.12716269
Kansas,1995,3.218948024,28.91622729,14.68451536,2601007.0,4.418630472,19.03291877
Kansas,1996,3.514812503,33.19259355,14.65056303,2614554.0,5.035610964,18.89524456
Kansas,1997,2.52944195,30.94834686,15.5419633,2635292.0,4.298943982,18.71332009
Kansas,1998,2.544124665,30.59600316,13.92228086,2660598.0,4.339129413,18.76024878
Kansas,1999,2.398840893,32.45987531,13.66472887,2678338.0,4.576015093,19.84022413
Kansas,2000,2.534814333,35.4575562,13.70390666,2688418.0,4.435361708,18.79037831
Kansas,2001,2.44007928,34.29405791,12.5827405,2702162.0,4.226639095,17.5322229
Kansas,2002,2.439645153,37.46100053,13.34444016,2713535.0,4.366204252,17.88289914
Kansas,2003,2.408364092,37.28763879,13.89597734,2723004.0,4.394115835,19.51721747
Kansas,2004,2.325970625,36.57001745,13.55398806,2734373.0,4.056235422,19.09973938
Kansas,2005,1.799821143,36.35625269,12.11513365,2745299.0,4.027386705,17.87919312
Kansas,2006,1.695222232,34.48479,13.45836243,2762931.0,3.473338298,19.04511297
Kansas,2007,1.854258414,37.84505444,15.18107044,2783785.0,3.90666631,19.53730607
Kansas,2008,2.095160221,35.71449098,14.0420868,2808076.0,4.513624698,18.95306116
Kansas,2009,2.016139831,34.68977975,12.98963339,2832704.0,4.458257298,19.06219586
Kansas,2010,2.041704572,34.77294726,13.71287764,2853118.0,4.509205485,18.16082472
Kentucky,1990,2.628446157,66.09166518,19.81003469,3694048.0,4.053442165,26.39900971
Kentucky,1991,2.77160725,67.23394164,18.23310732,3722328.0,4.352439714,26.38615834
Kentucky,1992,2.965701302,68.27241488,19.23511228,3765469.0,4.526791406,27.58985797
Kentucky,1993,3.029962509,76.43575987,19.94419233,3812206.0,4.891932063,28.96053415
Kentucky,1994,3.149736267,74.89394995,19.80581924,3849088.0,4.646693895,28.66263891
Kentucky,1995,3.135832774,77.26155761,21.28999559,3887427.0,4.908338535,29.76358839
Kentucky,1996,3.202672901,79.59270117,21.79538654,3919535.0,5.132286686,27.98359742
Kentucky,1997,3.405636473,82.5113838,20.81939524,3952747.0,4.969064795,30.26003057
Kentucky,1998,2.896122947,82.1907959,20.2213207,3985390.0,4.159881379,30.26614859
Kentucky,1999,3.44285448,84.60693898,20.06178436,4018053.0,4.614389048,31.36089928
Kentucky,2000,3.170456576,86.22362755,19.06911457,4041769.0,4.644166486,31.48286155
Kentucky,2001,2.983454111,87.22222461,22.17320129,4068132.0,3.938198918,31.94814532
Kentucky,2002,3.050368863,86.94555717,21.54044025,4089875.0,4.042377011,33.03770386
Kentucky,2003,2.952784791,85.08705825,20.66897973,4117170.0,4.30355661,31.38494141
Kentucky,2004,3.054655112,87.07684484,23.36863639,4146101.0,3.965660893,34.46001425
Kentucky,2005,3.040468814,90.1782071,23.06736613,4182742.0,3.884999983,33.52359993
Kentucky,2006,2.458795835,92.99839504,24.44764907,4219239.0,3.249029268,33.42935521
Kentucky,2007,2.503032595,92.20081893,23.37001196,4256672.0,3.482288707,34.97650899
Kentucky,2008,2.516360069,92.87224869,22.44418062,4289878.0,3.732878779,31.98040667
Kentucky,2009,2.342654698,85.01197869,20.91797728,4317074.0,3.649750331,32.02667082
Kentucky,2010,2.351568674,91.90012014,19.57733151,4339367.0,3.708079036,32.68317215
Louisiana,1990,1.902256529,34.62056435,113.315505,4221532.0,3.110585724,48.88693349
Louisiana,1991,1.932470988,34.69380294,109.7708562,4253279.0,3.204793757,51.3305991
Louisiana,1992,1.952632975,36.0914987,115.8837485,4293003.0,3.272608562,51.41589888
Louisiana,1993,1.776060949,37.85006216,118.8158339,4316428.0,3.254860371,51.37097613
Louisiana,1994,1.732272047,39.16893084,121.2043933,4347481.0,3.060996724,53.93256782
Louisiana,1995,1.492802167,40.02708599,120.622864,4378779.0,3.01201247,53.94568132
Louisiana,1996,1.563462071,35.71023782,124.560736,4398877.0,3.300081015,59.25928408
Louisiana,1997,1.758992784,39.49548277,131.8075913,4421071.0,3.383288603,56.62800301
Louisiana,1998,1.619498751,41.14623451,117.4229997,4440344.0,2.999079472,55.43505611
Louisiana,1999,1.761445297,41.1505438,115.2201642,4460811.0,2.899964912,55.29873682
Louisiana,2000,2.573073429,42.5550586,120.9150742,4468976.0,3.267906362,60.99922396
Louisiana,2001,1.977241106,39.1901994,109.36578,4477875.0,3.092517195,53.52543731
Louisiana,2002,1.937867282,41.34062674,113.5045389,4497267.0,2.920959025,54.8610437
Louisiana,2003,2.409167872,38.87792298,111.4436888,4521042.0,2.773281319,54.28616762
Louisiana,2004,2.150942442,40.84985691,117.601456,4552238.0,2.507985255,53.65410587
Louisiana,2005,2.050740183,42.74863261,112.9756948,4576628.0,2.479265089,51.05721419
Louisiana,2006,1.460370776,37.75692553,125.670852,4302665.0,2.046850131,55.00931256
Louisiana,2007,2.673486768,38.05863155,120.6661892,4375581.0,2.167996853,50.80275868
Louisiana,2008,1.582116656,39.77011543,110.7397901,4435586.0,2.21334722,45.87988831
Louisiana,2009,2.031909398,37.63751154,102.8996308,4491648.0,2.196612984,45.44196828
Louisiana,2010,1.928894851,42.4448791,115.7537512,4533372.0,2.643281549,48.21164952
Maine,1990,2.229750098,2.058350939,3.364568835,1231719.0,2.985166356,8.290885671
Maine,1991,2.204375937,1.674776219,3.967626763,1237081.0,2.989921583,7.59100828
Maine,1992,1.787983415,1.644404598,5.319523485,1238508.0,3.008727763,7.481221301
Maine,1993,1.767023831,1.307348541,5.027213012,1242302.0,3.125454526,7.609775583
Maine,1994,1.802520445,1.211990329,6.257164733,1242662.0,3.203126393,7.715415721
Maine,1995,1.522857626,1.233688984,4.87825209,1243480.0,3.939831325,7.307440521
Maine,1996,1.679322648,1.089748708,5.019821736,1249060.0,4.053030778,7.551105454
Maine,1997,1.648702847,1.737306249,4.410035878,1254774.0,3.921538301,7.925854167
Maine,1998,1.709992858,1.923422707,3.71887006,1259127.0,4.229300065,7.739181592
Maine,1999,1.590686988,3.243861828,3.434267465,1266808.0,4.026401658,7.996625429
Maine,2000,1.890865894,3.491777927,4.335201035,1274923.0,3.901421976,8.580728724
Maine,2001,1.590648911,5.693703921,3.528985375,1285692.0,3.881733257,7.66283216
Maine,2002,1.809534703,5.877187316,3.948271612,1295960.0,3.488786076,8.749318251
Maine,2003,2.264129941,4.741980827,2.415387654,1306513.0,4.665285043,9.30599736
Maine,2004,2.17477529,4.50718656,3.421794417,1313688.0,5.195822957,8.710201232
Maine,2005,2.092620294,3.790397795,3.156489691,1318787.0,4.634100191,9.381827208
Maine,2006,1.809014986,2.689121164,3.308095974,1323619.0,4.025810597,9.413313515
Maine,2007,2.174616134,2.572207812,3.35858351,1327040.0,3.858358879,9.058618851
Maine,2008,2.192398146,2.530241729,3.203685603,1330509.0,3.225008905,8.294605291
Maine,2009,1.848167232,2.359099141,2.833085988,1329590.0,3.001283911,8.487260124
Maine,2010,1.769364251,2.571845877,2.848710584,1328361.0,2.72621762,8.604012091
Maryland,1990,2.931523463,26.10013876,11.70852315,4799770.0,6.198485574,23.63335095
Maryland,1991,3.531756366,25.71479096,9.868682217,4867641.0,6.25925807,24.01822915
Maryland,1992,4.024887555,24.96402105,7.125840798,4923368.0,6.718463639,24.6139827
Maryland,1993,3.899810783,27.22669421,7.052067567,4971889.0,7.073964743,24.53282881
Maryland,1994,4.275268196,28.01367878,7.130935396,5023060.0,7.024190724,24.43289467
Maryland,1995,4.783665493,27.09251492,6.865390922,5070033.0,6.905324659,24.79050548
Maryland,1996,4.279185846,27.58658656,7.487853257,5111986.0,7.778261032,25.45444457
Maryland,1997,4.215680879,27.61270539,7.699152712,5157328.0,7.04840665,26.20865824
Maryland,1998,4.68443613,30.29641077,7.297263508,5204464.0,6.255983419,26.99852491
Maryland,1999,4.519103284,31.37051313,7.211093873,5254509.0,6.658721244,28.44174068
Maryland,2000,4.686983467,30.49824295,6.826769633,5296486.0,7.187296513,28.62886807
Maryland,2001,4.841749631,29.84020484,8.575108289,5374691.0,6.477394544,28.78929917
Maryland,2002,4.85738648,30.21267085,8.341810423,5440389.0,6.7452911,28.3662353
Maryland,2003,5.28600347,31.09034151,7.939671593,5496269.0,7.379975446,29.29217642
Maryland,2004,5.167862899,30.31985656,9.078542428,5546935.0,7.136821031,31.13479076
Maryland,2005,4.991001438,31.59442345,8.6365665,5592379.0,7.174980414,32.09207101
Maryland,2006,4.561278124,28.89356665,6.16825031,5627367.0,5.90143346,32.05318121
Maryland,2007,4.65989571,29.68130247,5.638403255,5653408.0,6.500887208,31.67614039
Maryland,2008,4.694591258,27.42281454,5.49012935,5684965.0,6.273483262,30.93227059
Maryland,2009,4.782566084,23.92934388,4.635702138,5730388.0,6.517784444,31.60954559
Maryland,2010,4.960226858,24.5165493,4.57269844,5773552.0,6.621688527,29.94492941
Massachusetts,1990,8.385785633,25.09194836,5.56571995,6022639.0,15.07053191,28.92851751
Massachusetts,1991,9.166235907,25.73530883,4.981020253,6018470.0,14.28313642,27.67130467
Massachusetts,1992,8.925080811,24.26055243,6.742527081,6028709.0,16.38280135,27.51751344
Massachusetts,1993,7.984085543,21.85237033,6.938942032,6060569.0,16.49975887,27.90074001
Massachusetts,1994,8.860129854,22.18586459,5.976936152,6095241.0,16.33425997,27.98395131
Massachusetts,1995,8.952343538,21.29073351,5.231947255,6141445.0,14.7396287,28.4656389
Massachusetts,1996,9.054055879,20.72478293,5.232515379,6179756.0,14.53571804,29.78585113
Massachusetts,1997,9.445786827,25.98366211,5.350195086,6226058.0,14.36657777,30.23041595
Massachusetts,1998,8.074887373,26.41753885,5.255658259,6271838.0,13.18339749,30.26349765
Massachusetts,1999,6.191390656,23.64840164,5.926127998,6317345.0,14.00208972,31.03563823
Massachusetts,2000,6.761540575,21.80724213,5.709396566,6349097.0,15.57495877,32.12652003
Massachusetts,2001,5.746185251,21.61553027,6.812444578,6397634.0,15.93086213,31.69896265
Massachusetts,2002,5.866402502,22.51729006,6.667565369,6417206.0,15.84592971,31.83572965
Massachusetts,2003,7.010497003,24.62306335,4.385775368,6422565.0,16.06206444,31.62294614
Massachusetts,2004,6.512110432,23.36466255,4.234860294,6412281.0,14.92427717,33.59203229
Massachusetts,2005,6.661209017,24.09161635,4.49805631,6403290.0,14.84461679,34.046714
Massachusetts,2006,5.003897624,21.2353879,4.386506356,6410084.0,12.80724917,32.97361349
Massachusetts,2007,5.346509407,23.26550918,4.342259752,6431559.0,13.5346375,33.53519447
Massachusetts,2008,5.671356909,19.81081076,4.011278024,6468967.0,14.25599846,33.56226844
Massachusetts,2009,5.853819714,17.27059689,3.254912093,6517613.0,14.02689779,30.76373821
Massachusetts,2010,6.794225022,17.99276568,3.621229944,6547629.0,13.78703312,30.97611524
Michigan,1990,10.66462566,67.16450029,31.36427245,9311319.0,22.09204437,47.93571884
Michigan,1991,10.81594149,67.44813304,28.59309556,9400446.0,22.54002758,48.61370405
Michigan,1992,11.03302502,64.26720345,28.87784396,9479065.0,23.48722706,49.14913431
Michigan,1993,11.19759786,65.19839783,25.23054764,9540114.0,24.35822217,52.27567525
Michigan,1994,11.50211579,70.66375867,27.32705059,9597737.0,23.83630549,52.15620126
Michigan,1995,12.17337343,70.02034301,27.13207326,9676211.0,24.81549912,53.59266029
Michigan,1996,12.69177673,72.09203119,27.67195633,9758645.0,26.47294378,54.26759421
Michigan,1997,12.12334324,71.99844838,26.30829109,9809051.0,25.26851384,55.39106687
Michigan,1998,10.33901625,74.94824523,24.45892771,9847942.0,21.45591922,56.71641552
Michigan,1999,10.87771352,74.28986148,27.74452641,9897116.0,23.66083311,59.18903024
Michigan,2000,11.3022732,71.94459775,26.83116794,9938444.0,24.43780711,57.24865119
Michigan,2001,10.67444105,71.60693226,25.34926343,9991120.0,23.55983383,56.64059554
Michigan,2002,10.9355508,69.97442561,24.10417586,10015710.0,24.76955143,57.81932801
Michigan,2003,11.21657334,68.59484981,23.81629687,10041152.0,25.86773749,55.22561825
Michigan,2004,10.8137543,71.86939753,24.26879496,10055315.0,23.94501496,56.34329565
Michigan,2005,10.56931429,74.30063722,23.88888344,10051137.0,23.90438071,55.82368668
Michigan,2006,9.158321072,70.40908444,22.53483547,10036081.0,19.99662744,55.71762091
Michigan,2007,9.960234434,73.95534261,20.65812105,10001284.0,21.04698986,55.34847909
Michigan,2008,10.4901833,71.33951088,20.12867414,9946889.0,21.5371472,51.53381195
Michigan,2009,10.21684511,68.00255246,15.47024998,9901591.0,20.56033553,49.95243363
Michigan,2010,9.359613266,69.10930618,18.28227308,9883640.0,18.93765191,49.99886326
Minnesota,1990,5.676602101,29.60751269,12.51242812,4389857.0,8.091088855,23.7840949
Minnesota,1991,5.454255479,28.44416586,11.91485578,4440859.0,8.863510328,24.88591213
Minnesota,1992,5.037546292,28.06587723,13.1650187,4495572.0,8.438541845,26.18147325
Minnesota,1993,5.318006256,29.80333121,13.6852439,4555954.0,9.1127213,27.74831893
Minnesota,1994,5.464170914,30.09433057,13.97102033,4610355.0,9.007879821,28.61710848
Minnesota,1995,5.915513506,30.53122049,14.34519577,4660180.0,9.407902007,29.65644731
Minnesota,1996,6.290812738,31.12398406,16.05117057,4712827.0,10.67295284,30.64498536
Minnesota,1997,6.157345263,31.30807481,15.35832091,4763390.0,9.633115562,30.13168028
Minnesota,1998,5.447583933,31.23882025,15.31574336,4813412.0,8.05046456,31.64267599
Minnesota,1999,5.432982113,29.9609064,14.7659851,4873481.0,8.528113176,33.73356303
Minnesota,2000,5.818306031,32.44606784,14.99899871,4919479.0,9.311996385,34.99728538
Minnesota,2001,5.827931492,32.01219595,13.50673244,4982796.0,8.920243753,34.20872625
Minnesota,2002,6.359891235,32.65554594,13.67027576,5018935.0,9.314348732,34.77356447
Minnesota,2003,6.409075332,36.06243158,13.78567675,5053572.0,9.783310263,34.63468491
Minnesota,2004,5.910552584,34.56658438,14.20751398,5087713.0,9.388801788,36.05101999
Minnesota,2005,6.036233691,35.19282712,14.41165548,5119598.0,8.996181847,36.59574094
Minnesota,2006,5.887711976,34.11509244,14.42054817,5163555.0,8.157119804,36.13746437
Minnesota,2007,5.866375187,33.96059747,15.36997677,5207203.0,8.856936719,36.47061533
Minnesota,2008,6.461043349,32.61983145,16.62578126,5247018.0,9.468884682,35.10561772
Minnesota,2009,6.300275299,29.84820781,14.95950341,5281203.0,9.019524025,32.36463137
Minnesota,2010,5.742784324,29.03067352,17.1797675,5303925.0,8.318402695,32.93245086
Mississippi,1990,1.34238271,13.19272822,11.90237633,2578897.0,1.833337261,20.21420022
Mississippi,1991,1.324525312,12.02604833,11.09983867,2598733.0,1.810233137,22.02543202
Mississippi,1992,1.353140896,10.7703934,11.45652078,2623734.0,1.85355481,22.921949
Mississippi,1993,1.328032564,13.41724444,10.89846118,2655100.0,2.013670911,23.05697969
Mississippi,1994,1.415729877,13.82119664,10.15376025,2688992.0,1.945839454,23.06949257
Mississippi,1995,1.365770995,15.2126828,10.02256987,2722659.0,1.878924587,23.29702899
Mississippi,1996,1.567951512,16.88841646,10.41389706,2748085.0,2.161297213,23.55593125
Mississippi,1997,1.526944559,17.90950611,10.25944316,2777004.0,1.999595506,24.37276596
Mississippi,1998,1.511518261,19.32793465,9.35033328,2804834.0,1.844618199,24.63158373
Mississippi,1999,1.418716064,20.37886774,11.71726124,2828408.0,1.859025154,25.98344508
Mississippi,2000,1.599873266,20.87708864,10.93014856,2844658.0,2.358357979,25.23885185
Mississippi,2001,1.632853962,30.01278886,10.7984702,2852994.0,2.405009367,24.47988935
Mississippi,2002,1.491280677,22.79076303,10.8642443,2858681.0,2.079949456,25.01837108
Mississippi,2003,1.65371052,22.64753774,10.57666343,2868312.0,1.949454305,26.39506992
Mississippi,2004,1.468370844,24.6767444,11.38564191,2889010.0,1.784262353,25.83841992
Mississippi,2005,1.40760519,24.53880535,10.51517984,2905943.0,1.752662479,25.32527826
Mississippi,2006,1.291628977,25.13407991,10.98794962,2904978.0,1.560072775,26.84194778
Mississippi,2007,1.757960708,27.04307974,11.09093978,2928350.0,1.607248726,26.66216884
Mississippi,2008,1.469740771,25.17237629,10.63082661,2947806.0,1.769960087,25.3700074
Mississippi,2009,1.477546192,22.68741105,9.85406212,2958774.0,1.760190978,24.80630756
Mississippi,2010,1.548932601,26.04977137,10.84534695,2967297.0,1.950521517,25.2950121
Missouri,1990,4.438624786,47.21184091,9.707411355,5128880.0,7.450522591,33.79180715
Missouri,1991,4.644953566,47.53905481,9.01391547,5170800.0,7.963753144,33.6757788
Missouri,1992,4.482557375,46.11120555,9.391924451,5217101.0,7.673354434,34.926014
Missouri,1993,5.02536362,42.03522124,9.716910788,5271175.0,8.734114533,36.07328267
Missouri,1994,4.767733186,49.40623281,9.961978774,5324497.0,8.037322932,37.00740409
Missouri,1995,4.737674045,55.31929379,10.02659008,5378247.0,8.233527673,38.3992566
Missouri,1996,5.337690435,57.89821101,10.18910198,5431553.0,9.311205458,40.46249887
Missouri,1997,5.22084836,61.21685089,10.42333545,5481193.0,8.63529829,41.39556122
Missouri,1998,4.475979798,62.86638042,10.45118687,5521765.0,7.2518381,45.0426509
Missouri,1999,4.760103003,62.10734598,11.4886532,5561948.0,7.752241675,44.39057072
Missouri,2000,4.631961481,63.46501646,9.766212243,5595211.0,7.749083682,39.50607607
Missouri,2001,5.188780385,66.49565948,11.3803066,5641142.0,8.456653693,39.64362741
Missouri,2002,4.613769863,66.99064373,11.56871538,5674825.0,7.832461046,40.60180752
Missouri,2003,4.507713705,72.63335005,11.33656242,5709403.0,7.785101685,41.69982682
Missouri,2004,4.546983212,73.80709108,13.27498453,5747741.0,7.287483455,40.91802601
Missouri,2005,4.237873524,76.78240862,12.88496382,5790300.0,6.995556801,41.78975554
Missouri,2006,3.969294119,76.07196626,13.19564496,5842704.0,6.246555821,42.24035521
Missouri,2007,4.008713188,74.13554435,12.94889,5887612.0,6.696936862,42.84547051
Missouri,2008,4.502041072,73.49781382,11.78438689,5923916.0,7.567388756,40.56115399
Missouri,2009,4.114003415,70.82780469,9.965200202,5961088.0,6.947975999,39.42427748
Missouri,2010,4.052372197,74.74801144,10.06877941,5988927.0,6.955011362,39.64649291
Montana,1990,0.887936942,15.9092046,4.467632876,800204.0,1.249486734,5.851408353
Montana,1991,0.895794652,17.29261208,4.306857382,809680.0,1.302544541,5.779802391
Montana,1992,0.769419808,18.33109102,4.431529262,825770.0,1.12459595,6.273330441
Montana,1993,0.872904494,15.04308393,4.80196947,844761.0,1.330725055,6.484596836
Montana,1994,0.813739705,17.78865182,4.954501155,861306.0,1.211109761,6.738727305
Montana,1995,0.82762523,16.67066956,5.353730394,876553.0,1.276653171,7.011197512
Montana,1996,0.94917724,13.94327175,5.03385514,886254.0,1.470387187,6.910559198
Montana,1997,0.969174964,16.16624159,4.61850461,889865.0,1.493536941,7.071135088
Montana,1998,0.771682427,17.93007893,4.95801408,892431.0,1.238160086,7.09181379
Montana,1999,0.744859315,18.03832853,5.310117325,897507.0,1.244374284,7.362744324
Montana,2000,0.851995395,17.15246299,4.74507847,902195.0,1.377060823,7.467811394
Montana,2001,0.859374976,17.89531495,4.083411352,906961.0,1.380509401,7.591103236
Montana,2002,0.913700759,16.21648013,4.596589561,911667.0,1.448765623,7.613322301
Montana,2003,1.027084233,18.30942323,4.678104557,919630.0,1.523771422,7.164282049
Montana,2004,1.108355744,18.84024802,5.105668092,930009.0,1.623214415,7.817751919
Montana,2005,1.130726314,19.09321352,5.418482295,940102.0,1.596721933,8.31287409
Montana,2006,1.108714347,18.65245475,5.93366112,952692.0,1.563663796,8.564401399
Montana,2007,0.870841952,19.62227469,6.827760556,964706.0,1.619025203,9.018261411
Montana,2008,0.989599014,19.61544588,6.249226684,976415.0,1.763899845,7.631443387
Montana,2009,1.413253506,16.93881838,5.022096853,983982.0,1.77894754,7.373695181
Montana,2010,1.244345495,19.65297514,4.532462804,989415.0,1.636477597,7.728366325
Nebraska,1990,2.128273674,13.46678914,4.310648424,1581660.0,2.505163319,10.52462831
Nebraska,1991,2.276866287,14.24985248,4.316595436,1595919.0,2.740890361,10.24582992
Nebraska,1992,1.993587189,13.1153495,4.490756608,1611687.0,2.53988991,10.60953462
Nebraska,1993,1.977519826,15.48275813,5.264439455,1625590.0,2.874455693,10.65795213
Nebraska,1994,2.227935602,14.88153399,5.472782962,1639041.0,2.666806155,10.89661837
Nebraska,1995,2.19664234,16.85503519,5.509286293,1656992.0,2.683633635,11.55569099
Nebraska,1996,2.321715843,16.87996189,4.975222374,1673740.0,3.071913581,12.65121007
Nebraska,1997,2.075517298,18.08171094,5.413551113,1686418.0,2.881632193,12.85894663
Nebraska,1998,1.677801583,18.74494228,6.211893482,1695816.0,2.631201917,13.47505893
Nebraska,1999,1.598147141,18.09922978,5.379660579,1704764.0,2.627700133,13.81390326
Nebraska,2000,1.764155292,18.90363977,5.630661706,1711263.0,2.766839797,12.17176235
Nebraska,2001,1.732268754,20.48065385,5.884707587,1719836.0,2.977516358,11.4656576
Nebraska,2002,1.644402676,19.8798267,5.761945336,1728292.0,2.885548145,11.782495
Nebraska,2003,1.718170954,20.78309359,5.648324002,1738643.0,2.75517254,11.98191392
Nebraska,2004,1.815060943,20.38591217,5.934812496,1749370.0,2.515237461,12.27089207
Nebraska,2005,1.620440106,21.08078086,5.837627572,1761497.0,2.511228713,12.29055979
Nebraska,2006,1.675975936,20.91029484,6.542106303,1772693.0,2.344355532,12.47177432
Nebraska,2007,1.787690291,20.11784571,7.346857038,1783440.0,2.542371108,12.62307355
Nebraska,2008,2.079411736,21.61199787,7.387506522,1796378.0,2.870932575,12.48768788
Nebraska,2009,1.867194856,22.8366194,7.27410513,1812683.0,2.682139738,11.86970073
Nebraska,2010,1.892727148,22.82760732,7.80540202,1826341.0,2.666226006,12.65591282
Nevada,1990,1.066563526,16.77691286,2.138825675,1220695.0,1.192418665,9.437682119
Nevada,1991,1.154554564,18.02841961,2.237689106,1296171.0,1.292800927,9.822632551
Nevada,1992,1.110801844,18.68813661,2.515420348,1351367.0,1.229020058,10.02947929
Nevada,1993,1.407476628,18.29684197,2.566385358,1411215.0,1.367677814,10.43559147
Nevada,1994,1.431828616,19.76415649,2.682720077,1499298.0,1.385340025,11.01861929
Nevada,1995,1.432538945,18.19004374,3.057148499,1581578.0,1.309814114,11.43068702
Nevada,1996,1.60443385,19.5622438,2.717875968,1666320.0,1.440630462,12.78739144
Nevada,1997,1.373248665,19.44377025,2.870648185,1764104.0,1.601340535,12.76196213
Nevada,1998,1.489372067,21.09292827,2.749734945,1853191.0,1.908317326,13.09390649
Nevada,1999,1.470622642,21.25612905,2.611563453,1934718.0,1.822405641,13.92020088
Nevada,2000,1.625374314,24.67252915,2.465588784,1998257.0,1.83484759,14.51277044
Nevada,2001,1.439433937,23.99494823,2.443814936,2098399.0,1.966461654,14.519588
Nevada,2002,1.46886582,20.8815704,2.185651477,2173791.0,1.989556968,14.75418756
Nevada,2003,1.473573956,22.80564842,1.992637418,2248850.0,1.968323606,15.03413054
Nevada,2004,1.658795477,25.12083102,2.520969234,2346222.0,2.16267092,16.11025963
Nevada,2005,1.760756172,26.11361003,2.789901059,2432143.0,2.216828538,16.82878302
Nevada,2006,1.835275865,16.52030579,2.89272499,2522658.0,2.276618269,18.00414953
Nevada,2007,1.752095771,16.64856016,2.85037735,2601072.0,2.276799064,18.29077775
Nevada,2008,1.795507988,17.82575087,2.698832159,2653630.0,2.32600086,16.56430426
Nevada,2009,1.786490855,17.99898368,2.703355102,2684665.0,2.335967138,14.8763329
Nevada,2010,1.828934035,16.69552143,2.764529825,2700551.0,2.363984107,14.39683412
New Hampshire,1990,1.369946169,4.759300919,0.791302732,1112384.0,2.440878807,5.218763949
New Hampshire,1991,1.331167639,4.356566648,0.800066411,1109929.0,2.438490618,5.317563571
New Hampshire,1992,1.19731813,4.231177034,1.099400206,1117784.0,2.550846997,5.287699093
New Hampshire,1993,1.182484389,4.409531433,1.332358018,1129458.0,2.538788478,5.402434229
New Hampshire,1994,1.332240041,4.351807451,1.130703891,1142560.0,2.599764461,5.514853071
New Hampshire,1995,1.216827773,4.283132079,1.043747681,1157561.0,2.728196272,5.757349635
New Hampshire,1996,1.352375326,4.073186506,1.025528088,1174719.0,2.901088423,5.915364197
New Hampshire,1997,1.369074704,5.050520613,0.987218896,1189425.0,2.880746537,6.236589377
New Hampshire,1998,1.214116898,4.673194771,0.959942404,1205940.0,2.805978372,6.862242144
New Hampshire,1999,1.247257126,4.551293231,0.949248574,1222014.0,2.829835537,7.111395034
New Hampshire,2000,1.528248398,4.473563638,1.189005525,1235786.0,2.895364897,7.258046809
New Hampshire,2001,1.389189905,4.12076243,1.218030532,1255517.0,2.824699366,7.272484962
New Hampshire,2002,1.386685417,4.276378202,1.107067561,1269089.0,2.634903672,8.13587399
New Hampshire,2003,1.701799364,7.088942707,1.099598685,1279840.0,3.200563911,7.571267966
New Hampshire,2004,1.872383568,7.638912994,1.118671795,1290121.0,3.356386494,7.81126266
New Hampshire,2005,1.98423766,7.651348328,0.970339755,1298492.0,3.145550038,7.370535682
New Hampshire,2006,1.378201433,6.728105653,1.109295969,1308389.0,2.769665846,7.287517013
New Hampshire,2007,1.43251813,6.614450222,0.879384758,1312540.0,2.770260476,7.447367435
New Hampshire,2008,1.449320069,6.53924266,0.8442164,1315906.0,2.799743114,7.339818303
New Hampshire,2009,1.401380664,5.26846909,0.776082279,1316102.0,2.572986369,7.23835264
New Hampshire,2010,1.266602807,5.326048028,0.760880779,1316470.0,2.294830673,7.274155443
New Jersey,1990,10.94467663,12.15928119,15.22248145,7762963.0,15.52024433,57.06265506
New Jersey,1991,11.04402113,11.99801007,15.46992276,7814676.0,15.487441,57.84427446
New Jersey,1992,11.45171561,12.6895092,19.47031479,7880508.0,16.79439781,58.13336399
New Jersey,1993,10.8101212,13.35627053,19.76857277,7948915.0,16.45922321,55.20882971
New Jersey,1994,11.05471292,15.3859895,20.43465141,8014306.0,18.2913642,60.2503953
New Jersey,1995,10.07947637,16.93458554,20.71576612,8083242.0,16.26872889,61.15780612
New Jersey,1996,11.26266717,15.74239245,20.75630183,8149596.0,17.95353826,59.25306244
New Jersey,1997,11.54571558,17.08934878,20.93071804,8218808.0,17.20902676,59.96191941
New Jersey,1998,10.21727729,15.87742908,19.81136088,8287418.0,15.24011393,60.92710406
New Jersey,1999,11.75967527,16.59550247,20.14759847,8359592.0,16.25889781,60.75889243
New Jersey,2000,11.03400243,18.85298351,13.36883146,8414350.0,17.02151905,64.98689949
New Jersey,2001,9.563987441,18.58736126,14.53760859,8492671.0,16.50299732,63.12661431
New Jersey,2002,9.550527116,18.99989044,13.75029987,8552643.0,15.84786676,63.88623723
New Jersey,2003,10.60280977,17.93699344,14.13581295,8601402.0,18.34538346,62.17158739
New Jersey,2004,10.89602763,18.86760975,14.37078007,8634561.0,17.47681022,64.73261592
New Jersey,2005,11.27465354,19.06674742,14.34144566,8651974.0,16.90541368,69.46966676
New Jersey,2006,9.544354723,18.07786102,13.12900725,8661679.0,14.17289546,68.77890212
New Jersey,2007,10.99112337,19.2041147,12.99558356,8677885.0,16.13192523,72.5699232
New Jersey,2008,10.59729553,18.49485684,11.26495416,8711090.0,15.41826632,71.58062071
New Jersey,2009,11.15147465,14.5396917,9.614567336,8755602.0,15.6374145,62.26678754
New Jersey,2010,10.9500528,17.61824252,9.18084519,8791894.0,14.69932316,65.77027991
New Mexico,1990,1.660901487,27.08147327,7.046521116,1521574.0,1.9679712,14.85746007
New Mexico,1991,1.663827917,23.31190818,6.522929855,1555305.0,1.956345791,14.61815089
New Mexico,1992,1.732379512,26.0941516,6.722800184,1595442.0,1.994405337,14.11135672
New Mexico,1993,1.730284085,26.60559543,6.499049449,1636453.0,1.948613627,14.86730582
New Mexico,1994,1.465780499,27.58919586,6.548558693,1682398.0,1.816801688,14.13483128
New Mexico,1995,1.464926237,27.25671021,6.902739316,1720394.0,1.755030729,12.74367528
New Mexico,1996,1.592180714,27.75768968,8.078450427,1752326.0,2.045181926,12.78930645
New Mexico,1997,1.635957769,28.90413566,7.334096082,1774839.0,2.234321391,15.4945392
New Mexico,1998,1.582344395,29.39952317,6.489267572,1793484.0,2.225503226,15.4949522
New Mexico,1999,1.667502401,30.00849171,6.468186939,1808082.0,2.319096261,15.55566336
New Mexico,2000,1.631381418,30.86522839,7.761724907,1819046.0,2.310627772,15.2823189
New Mexico,2001,1.762954347,30.1820234,7.817924318,1831690.0,2.575876436,15.6622013
New Mexico,2002,1.735974957,28.39264073,7.126412398,1855309.0,2.350738197,15.44068826
New Mexico,2003,1.768083377,30.42550519,7.697282859,1877574.0,2.197996005,14.99370472
New Mexico,2004,1.707286425,30.42753104,8.161798833,1903808.0,2.298615794,15.72554447
New Mexico,2005,1.694068702,31.75962479,7.808303605,1932274.0,2.27130364,15.36515999
New Mexico,2006,1.544338588,32.37276567,7.837980354,1962137.0,2.131873026,16.03487843
New Mexico,2007,1.544359606,30.82663508,8.537601712,1990070.0,2.231504642,15.54904316
New Mexico,2008,1.729553976,30.18848356,8.437851461,2010662.0,2.261880465,14.56070457
New Mexico,2009,1.555129127,32.34205782,7.830240654,2036802.0,2.196397481,14.11266504
New Mexico,2010,1.563609852,28.77331022,7.969096299,2059179.0,2.295432438,13.77448817
New York,1990,26.81980663,62.76418043,20.25026961,18020784.0,33.75748572,64.11307454
New York,1991,26.46876261,58.47943125,19.45339892,18122510.0,33.00620817,62.47759269
New York,1992,27.52958694,53.63911934,20.70828522,18246653.0,36.39110948,60.99550017
New York,1993,28.19977976,47.40460941,20.32612416,18374954.0,35.82060233,62.22265122
New York,1994,27.67092765,47.273364,20.54577279,18459470.0,35.41050355,60.9863113
New York,1995,26.9188315,51.10296546,22.38469708,18524104.0,34.37959969,62.72612829
New York,1996,27.78445637,46.66441762,23.14330016,18588460.0,36.72173209,65.90868206
New York,1997,29.62266321,52.18116463,22.42106594,18656546.0,34.83082065,65.8857682
New York,1998,27.6914294,55.91260748,21.50617106,18755906.0,31.74391374,66.41380593
New York,1999,30.17751345,56.64682488,17.81577804,18882725.0,34.44735291,66.80196377
New York,2000,32.04770402,55.63491933,17.28690175,18976457.0,39.41467313,67.16702203
New York,2001,30.64749062,54.77409415,16.51115949,19082838.0,38.36081507,67.1366346
New York,2002,31.19320108,50.6460168,15.06843308,19137800.0,36.11338868,68.77408531
New York,2003,32.73181929,51.67948875,14.32955271,19175939.0,38.76115968,73.20369026
New York,2004,34.69046435,52.10514208,14.33747449,19171567.0,38.24145681,75.36906875
New York,2005,28.54670609,54.76600761,15.14465805,19132610.0,39.23329504,73.75467581
New York,2006,25.36532812,46.31735197,14.81217327,19104631.0,32.60442698,74.81950264
New York,2007,26.65244863,48.92344485,14.12133974,19132335.0,36.38813812,74.55718233
New York,2008,25.69938168,42.57822308,13.65811346,19212436.0,34.62446927,75.1554647
New York,2009,25.33795989,34.13924242,11.38421806,19307066.0,32.90081975,72.79619473
New York,2010,25.02284629,37.76055139,10.29047686,19378102.0,31.73436293,69.01711632
North Carolina,1990,3.755605671,46.0451875,17.35279413,6664016.0,5.256468817,38.38116849
North Carolina,1991,3.573825556,46.79037323,16.76611805,6784280.0,5.374778772,37.86910921
North Carolina,1992,3.812487077,53.79850458,18.454718,6897214.0,6.020084397,38.61556786
North Carolina,1993,3.957482053,58.36354956,17.59343429,7042818.0,6.283604495,40.21595414
North Carolina,1994,4.318872577,53.12863774,16.79730621,7187398.0,5.92531795,41.3486537
North Carolina,1995,4.132742361,56.14218694,17.98938766,7344674.0,6.554924172,42.9452335
North Carolina,1996,4.662847462,63.93872884,17.98805539,7500670.0,7.52654345,45.41523824
North Carolina,1997,4.458587206,66.52821419,17.67323724,7656825.0,6.855328739,46.23083163
North Carolina,1998,4.342628499,65.73803815,16.71806122,7809121.0,6.667055626,47.29594591
North Carolina,1999,4.081930189,65.08053466,15.64723734,7949361.0,6.348750869,48.28049662
North Carolina,2000,4.568736839,69.19078752,16.1932114,8049313.0,7.146694768,49.9763116
North Carolina,2001,4.516051044,66.5856086,15.42374046,8210122.0,6.801107772,49.2062108
North Carolina,2002,4.021750184,69.03938151,14.5810594,8326201.0,6.337496301,49.80565355
North Carolina,2003,4.826505089,68.31745014,13.61499056,8422501.0,7.175431681,50.32344638
North Carolina,2004,5.264254181,69.36458246,13.95361653,8553152.0,7.132288295,52.26474686
North Carolina,2005,5.015273726,72.89598898,13.97458209,8705407.0,6.583162537,53.60544361
North Carolina,2006,4.583692125,70.30824926,13.13367846,8917270.0,5.661913215,53.1169881
North Carolina,2007,4.161602061,75.94376664,12.40756475,9118037.0,5.543573562,54.92875968
North Carolina,2008,4.81835116,72.31733899,11.32415598,9309449.0,5.904941664,54.01638814
North Carolina,2009,5.213918102,62.38887845,10.01325336,9449566.0,5.777072946,48.94662477
North Carolina,2010,5.189178469,70.6931428,10.70445261,9535483.0,6.442942454,49.0932247
North Dakota,1990,0.850054635,27.9331995,6.075352309,637685.0,1.116006161,4.62419393
North Dakota,1991,0.880848474,29.08055366,6.139637825,635753.0,1.224203093,4.683904825
North Dakota,1992,0.81857749,30.22499983,6.211198115,638223.0,1.096766241,4.903307041
North Dakota,1993,0.869178636,30.4243748,6.092824874,641216.0,1.143148645,5.176996116
North Dakota,1994,0.895683942,30.47210842,6.522179816,644804.0,1.079563261,5.114764133
North Dakota,1995,0.905560973,29.67851862,7.096542274,647832.0,1.135934185,5.115453404
North Dakota,1996,1.006950511,30.99497656,6.410008472,650382.0,1.301390661,5.244769748
North Dakota,1997,0.975969073,29.63008964,6.61962727,649716.0,1.270650784,5.326692135
North Dakota,1998,0.882964826,30.83694751,6.655657077,647532.0,1.057894682,4.766644194
North Dakota,1999,0.893610103,31.60100758,6.474562846,644259.0,1.158543715,5.682407305
North Dakota,2000,0.96251967,32.16907777,7.721488142,642200.0,1.276182178,5.560035059
North Dakota,2001,0.982677504,31.89058973,8.026912253,639062.0,1.281043831,6.026940191
North Dakota,2002,1.014461098,32.27740216,7.462716375,638168.0,1.254088269,5.998506342
North Dakota,2003,1.001944614,31.79211473,7.416770947,638817.0,1.319073329,6.028946171
North Dakota,2004,1.076779803,30.41525107,7.390515678,644705.0,1.322983059,6.32781085
North Dakota,2005,1.134447224,32.84944707,7.550421107,646089.0,1.257029327,6.262793663
North Dakota,2006,0.837560681,31.23693394,7.617073721,649422.0,1.078202273,6.225864663
North Dakota,2007,1.110660191,31.9216377,7.81688788,652822.0,1.170063313,7.124961287
North Dakota,2008,0.99353487,32.5637954,8.355488343,657569.0,1.301157453,6.539314043
North Dakota,2009,0.953506063,32.22931809,7.479849248,664968.0,1.178869511,5.95199529
North Dakota,2010,0.968560949,30.7105929,9.039016774,672591.0,1.077382061,6.951996535
Ohio,1990,10.57625786,108.0521081,50.28640405,10864162.0,20.57220782,56.07266977
Ohio,1991,10.54897736,110.3530229,46.09972045,10945762.0,21.13500668,55.39408969
Ohio,1992,11.12595387,112.0907082,47.87782828,11029431.0,22.17037172,54.72955948
Ohio,1993,11.15390532,115.3469442,44.98216037,11101140.0,23.10181142,57.89373023
Ohio,1994,11.14602424,111.712704,45.2438283,11152454.0,22.33383608,58.33325399
Ohio,1995,11.60045036,112.9083227,44.29464948,11202751.0,22.99898006,59.41668895
Ohio,1996,12.79382535,120.2966284,44.14664927,11242827.0,24.32009996,62.49216157
Ohio,1997,12.48839127,117.4278178,43.08618878,11277357.0,22.98259603,64.28942863
Ohio,1998,10.54863266,120.5151154,42.36768839,11311536.0,19.32336108,65.12228088
Ohio,1999,10.87393982,115.6929856,42.04597124,11335454.0,21.31756205,66.95026735
Ohio,2000,11.54194916,121.6634831,38.86602994,11353140.0,22.03323871,68.86835282
Ohio,2001,11.13495167,115.3154556,38.97892548,11387404.0,19.48364108,68.64960815
Ohio,2002,11.08526283,121.3019094,37.2699099,11407889.0,20.5142723,69.2281114
Ohio,2003,11.45892703,125.0546633,37.89758125,11434788.0,21.91656133,69.3594423
Ohio,2004,11.54622744,120.9888917,36.93859452,11452251.0,20.67463412,71.65553731
Ohio,2005,10.9461196,129.3100674,35.64916971,11463320.0,20.47491032,71.26526328
Ohio,2006,9.38459667,125.6925336,37.1456922,11481213.0,17.21068017,72.06984495
Ohio,2007,10.29983807,127.4279562,38.75634772,11500468.0,18.87694819,72.85878432
Ohio,2008,11.00115746,124.346068,38.68129981,11515391.0,19.16546557,68.16048634
Ohio,2009,10.82290071,111.0347166,32.81158293,11528896.0,18.48589432,63.88033879
Ohio,2010,10.49746719,117.8136187,36.27936545,11536504.0,17.6670492,65.71774864
Oklahoma,1990,2.522356261,35.37270676,23.23001376,3148825.0,3.854821702,23.90227988
Oklahoma,1991,2.523052691,38.2256522,20.93297309,3175440.0,4.042911553,24.49492798
Oklahoma,1992,2.201947672,38.67782459,22.1246968,3220517.0,3.828933304,26.43493237
Oklahoma,1993,2.419622743,40.54920298,23.34903815,3252285.0,4.545746324,25.68422208
Oklahoma,1994,2.158304572,39.40740959,22.60582013,3280940.0,4.047176066,26.46907716
Oklahoma,1995,2.340808156,41.33566301,22.83444769,3308208.0,3.989084029,25.23336571
Oklahoma,1996,2.756198183,42.32996555,22.0438783,3340129.0,4.554113861,26.76385243
Oklahoma,1997,3.169258145,43.30728025,22.61882948,3372917.0,4.246524895,26.4765334
Oklahoma,1998,2.698858565,42.875841,20.57412387,3405194.0,3.934548945,27.05505773
Oklahoma,1999,2.419306645,41.72217732,19.7681724,3437147.0,3.876672686,28.32682928
Oklahoma,2000,2.551242474,43.84283251,18.83307358,3450654.0,4.212040076,30.27681273
Oklahoma,2001,2.624635144,43.34391546,17.85714822,3467100.0,4.103135668,33.13936816
Oklahoma,2002,2.516566787,45.73872105,17.50588346,3489080.0,4.384562644,30.97249425
Oklahoma,2003,2.263422852,46.20763933,19.22411133,3504892.0,4.129829958,31.18104625
Oklahoma,2004,2.28475866,44.24292248,19.68477277,3525233.0,3.737430648,29.0980364
Oklahoma,2005,2.400624625,48.86444774,19.94585368,3548597.0,3.687851121,30.77898137
Oklahoma,2006,2.212279239,49.68477128,21.656796,3594090.0,3.359748457,31.72740191
Oklahoma,2007,2.601336593,49.11868612,21.26221926,3634349.0,3.865958616,32.49727712
Oklahoma,2008,2.652458661,50.67310085,22.24032647,3668976.0,4.127113333,33.12183109
Oklahoma,2009,2.732137763,49.2961308,19.40977449,3717572.0,3.885623538,29.08662937
Oklahoma,2010,2.743579827,46.96533087,20.50271268,3751351.0,4.084415706,28.77665498
Oregon,1990,1.898946936,1.795090484,5.354941518,2860375.0,2.03005094,20.01456919
Oregon,1991,1.879190028,3.610187811,5.502922265,2928507.0,2.172459941,21.55301453
Oregon,1992,1.67161613,4.512715585,6.19593579,2991755.0,1.884120186,21.59420322
Oregon,1993,1.82200733,4.30948641,6.125516883,3060367.0,2.402397169,20.84771184
Oregon,1994,1.733090992,5.453391183,6.064995273,3121264.0,2.337804067,21.56342283
Oregon,1995,1.803641488,2.724511112,6.508471126,3184369.0,2.205234346,21.1967471
Oregon,1996,1.917086948,3.196915191,6.962870858,3247111.0,2.460433649,21.99012083
Oregon,1997,1.908541574,2.700159938,7.081982116,3304310.0,2.359949745,22.12121027
Oregon,1998,1.989310492,6.189143633,8.151905852,3352449.0,2.444355314,23.12303787
Oregon,1999,2.057741295,6.220884428,8.931780067,3393941.0,2.771600002,23.36622607
Oregon,2000,2.099366384,7.339090357,6.645377422,3421399.0,2.732202369,22.66451354
Oregon,2001,2.168119834,8.520555605,5.543081548,3467937.0,2.741786994,21.66538911
Oregon,2002,2.084680474,6.374688565,5.844260792,3513424.0,2.728748586,22.07476384
Oregon,2003,1.75482352,8.047827895,5.147576841,3547376.0,2.562782736,21.85960187
Oregon,2004,1.747478725,8.03028543,5.532553411,3569463.0,2.499755866,22.85595129
Oregon,2005,1.860794911,8.045093637,5.156567735,3613202.0,2.647517534,23.37995093
Oregon,2006,1.852387899,6.309785495,5.602166171,3670883.0,2.678481664,23.92363108
Oregon,2007,1.880979026,9.517338919,5.295495093,3722417.0,2.710441539,24.49915267
Oregon,2008,2.03089476,9.960212957,5.312013789,3768748.0,2.852407646,23.08478383
Oregon,2009,2.060158829,8.753394656,4.615037421,3808600.0,2.88547495,22.91173551
Oregon,2010,1.895477844,9.637873167,4.441170361,3831074.0,2.543326391,21.79314821
Pennsylvania,1990,13.28542465,104.062868,64.27700509,11903299.0,23.65677829,59.49714585
Pennsylvania,1991,13.26393084,102.644524,58.21780231,11982164.0,23.87761239,59.33476434
Pennsylvania,1992,14.20440615,102.893724,62.37277512,12049450.0,25.47716503,60.63329251
Pennsylvania,1993,13.34339966,105.9348096,59.87495266,12119724.0,26.19614967,62.30003599
Pennsylvania,1994,14.41066267,102.1456659,59.89954158,12166050.0,25.85463723,62.48063872
Pennsylvania,1995,14.24344975,105.204832,59.80042768,12198403.0,24.98800693,63.19626199
Pennsylvania,1996,14.41987155,110.0911139,59.23104014,12220464.0,26.15531235,62.85275928
Pennsylvania,1997,13.69753073,111.5585711,61.62008252,12227814.0,24.71669552,65.63141146
Pennsylvania,1998,12.08268009,112.7137862,49.26224912,12245672.0,21.10073399,67.74957624
Pennsylvania,1999,12.21309575,108.257772,48.64998629,12263805.0,23.52356172,68.35412737
Pennsylvania,2000,12.95151055,115.5341963,48.87704056,12281054.0,25.70047006,70.55220996
Pennsylvania,2001,12.72730133,105.6808416,47.61670081,12298970.0,24.45098327,70.40205271
Pennsylvania,2002,12.70385818,112.9478597,47.20303565,12331031.0,23.79017639,70.76926169
Pennsylvania,2003,13.3417076,113.4625464,48.06388027,12374658.0,26.09479436,69.25013972
Pennsylvania,2004,12.98275115,116.3907693,48.16676382,12410722.0,25.25632675,71.42823903
Pennsylvania,2005,12.93295677,120.977864,46.16979022,12449990.0,23.89543871,72.81761816
Pennsylvania,2006,11.77794915,120.3825244,46.2735293,12510809.0,20.25932955,72.41453439
Pennsylvania,2007,12.47675535,122.8133824,45.59369688,12563937.0,21.75018687,72.17722998
Pennsylvania,2008,11.15815626,117.4948912,44.06294551,12612285.0,20.56663473,68.32596591
Pennsylvania,2009,10.85259818,110.4240824,35.44264359,12666858.0,20.09309661,66.76500839
Pennsylvania,2010,10.57836176,116.5763865,39.19749932,12702379.0,20.48924646,66.8576771
Rhode Island,1990,1.116311675,0.663243476,0.656604923,1005995.0,2.340592983,4.132229986
Rhode Island,1991,1.161023664,1.354481443,1.78325046,1010649.0,2.353087517,4.149935914
Rhode Island,1992,1.083555024,2.164728019,2.94535193,1012581.0,2.781683486,4.071235806
Rhode Island,1993,1.134920885,1.993355303,0.982755855,1015112.0,2.658395838,4.101087013
Rhode Island,1994,1.382962924,2.117526243,2.624845541,1015960.0,2.711805382,4.003795446
Rhode Island,1995,1.261010624,1.978969111,2.233209964,1017002.0,2.502016814,4.126427133
Rhode Island,1996,1.424049233,3.440013407,1.814388742,1020893.0,2.675142166,4.173171725
Rhode Island,1997,1.344860887,3.35639088,1.661244224,1025353.0,2.624052689,4.635796702
Rhode Island,1998,1.145992602,3.281653492,2.557539366,1031155.0,2.388331652,4.488187827
Rhode Island,1999,1.087160952,2.965569691,2.143371923,1040402.0,2.336802806,4.6664223
Rhode Island,2000,1.230093928,2.662333103,0.689474981,1048319.0,2.518350124,4.648929033
Rhode Island,2001,1.256244692,3.2139606,0.55493292,1057142.0,2.586455894,4.691854971
Rhode Island,2002,1.160524751,2.926688754,0.519913842,1065995.0,2.472772077,4.647946784
Rhode Island,2003,1.281957246,2.288518768,0.567883189,1071342.0,2.766574239,4.544148631
Rhode Island,2004,1.209817986,1.955616045,0.607691654,1074579.0,2.797487094,4.400085667
Rhode Island,2005,1.138889357,2.388889906,0.620130748,1067916.0,2.707579387,4.367410928
Rhode Island,2006,0.94956354,2.330144493,0.624970075,1063096.0,2.20402481,4.443060361
Rhode Island,2007,1.046819392,2.809138238,0.61270005,1057315.0,2.293541712,4.375061096
Rhode Island,2008,0.949025372,2.882264456,0.541270092,1055003.0,2.245912648,4.196649753
Rhode Island,2009,1.056817394,3.01078238,0.682107921,1053646.0,2.378416789,4.274121142
Rhode Island,2010,0.933069051,3.077237636,0.639084243,1052567.0,2.269005043,4.239833086
South Carolina,1990,1.424415762,21.91570272,13.44618377,3501155.0,2.06477449,22.0257048
South Carolina,1991,1.40435576,22.41106464,13.17833192,3570404.0,2.245347875,22.81891283
South Carolina,1992,1.563342726,21.8058036,13.70807989,3620464.0,2.156033571,22.02821267
South Carolina,1993,1.755951271,24.96384193,14.25590575,3663314.0,2.423926994,22.42464431
South Carolina,1994,1.664231262,25.45841655,13.85332387,3705397.0,2.187801719,22.77106592
South Carolina,1995,1.727614409,24.55598376,13.65009126,3748582.0,2.261450324,22.76666138
South Carolina,1996,1.781048086,28.27822228,13.15711378,3796200.0,2.514390839,23.30263562
South Carolina,1997,1.72788678,29.24962689,13.51982495,3859696.0,2.262291422,24.34111128
South Carolina,1998,1.981400009,30.6640169,13.79667939,3919235.0,2.200765313,25.75209115
South Carolina,1999,2.298179901,33.00204006,13.60966928,3974682.0,2.286665465,26.51796425
South Carolina,2000,1.800348125,35.85713179,13.50939403,4012012.0,2.431856189,27.09382113
South Carolina,2001,1.693612984,33.96866174,14.27593387,4064995.0,2.180337033,27.3655486
South Carolina,2002,1.648650853,34.64383591,14.4570149,4107795.0,2.158970178,27.96964423
South Carolina,2003,1.673894046,34.73817896,14.41747145,4150297.0,2.322131168,28.02704687
South Carolina,2004,1.695111876,37.925912,15.03876037,4210921.0,2.35430833,32.22241211
South Carolina,2005,1.71449422,38.91316815,14.06473547,4270150.0,2.265401766,30.60924641
South Carolina,2006,1.823330152,38.95546456,13.68065426,4357847.0,1.945570511,32.09400285
South Carolina,2007,1.6353356,40.67771659,12.47219945,4444110.0,1.85187314,32.20784168
South Carolina,2008,1.740908857,40.78471009,11.46666621,4528996.0,1.942769492,31.0957969
South Carolina,2009,1.580879828,36.56915284,10.82371466,4589872.0,1.925481203,31.39326998
South Carolina,2010,1.760610797,39.84272764,9.739326522,4625364.0,2.249608283,31.61272949
South Dakota,1990,0.687087156,3.097968397,2.114418744,697101.0,1.360260857,4.664443254
South Dakota,1991,0.682799988,3.354689105,2.021045359,703669.0,1.201483572,4.441994295
South Dakota,1992,0.678750563,3.127156198,1.940179492,712801.0,1.020266411,5.017352771
South Dakota,1993,0.747971141,3.056713519,2.30903076,722159.0,1.242382032,5.123921356
South Dakota,1994,0.743478752,3.330836268,2.465473898,730790.0,1.16051818,5.443043265
South Dakota,1995,0.782415039,3.072733155,2.266457596,737925.0,1.219850827,5.55892685
South Dakota,1996,0.82159416,2.630400339,2.341470271,742213.0,1.461386643,5.556572927
South Dakota,1997,0.765740002,3.524255491,2.323896829,744223.0,1.334492436,5.410751847
South Dakota,1998,0.669081763,3.281025966,2.148687967,746058.0,1.127915735,5.581824459
South Dakota,1999,0.668769601,3.687754652,2.231744273,750412.0,1.100311649,5.733794091
South Dakota,2000,0.736052926,3.806934295,2.545375498,754844.0,1.213614098,5.826626105
South Dakota,2001,0.714096624,3.82277796,2.023503644,757972.0,1.134291744,5.73814267
South Dakota,2002,0.705512912,3.324444172,2.222519524,760020.0,1.173630119,6.272949452
South Dakota,2003,0.704588915,3.576849412,2.266681903,763729.0,1.195969736,5.816787183
South Dakota,2004,0.670211015,3.801858058,2.18335966,770396.0,1.056554573,5.986866664
South Dakota,2005,0.662680604,3.235709385,2.189678303,775493.0,1.042928848,6.099721267
South Dakota,2006,0.629565271,3.45545557,2.137368623,783033.0,0.976625323,6.132963663
South Dakota,2007,0.726189458,2.963689857,2.749306384,791623.0,1.037247305,6.407743149
South Dakota,2008,0.78697788,3.864701912,3.028315919,799124.0,1.208629829,6.143717948
South Dakota,2009,0.811991384,3.352248006,3.157621182,807067.0,1.151476119,6.33030904
South Dakota,2010,0.780872446,3.47801475,3.31336546,814180.0,1.053348607,6.513212914
Tennessee,1990,3.420435868,46.26815455,18.77396273,4894492.0,3.279424808,32.84105976
Tennessee,1991,3.389333845,43.39648813,18.55697211,4966587.0,3.433924283,31.16611841
Tennessee,1992,3.577745699,45.7692927,19.95587541,5049742.0,3.646222946,32.56148713
Tennessee,1993,3.639563878,54.35275795,19.97107562,5137584.0,3.988259557,34.48657334
Tennessee,1994,3.530676171,48.21259898,20.11640765,5231438.0,3.940859017,35.26831018
Tennessee,1995,3.591068525,53.08843826,19.78949822,5326936.0,4.065029749,37.14512708
Tennessee,1996,4.041931138,51.74299855,19.64212893,5416643.0,4.825568601,38.42394507
Tennessee,1997,3.861833227,54.74923591,20.16651189,5499233.0,4.398440696,38.7734729
Tennessee,1998,3.527038203,53.09570918,20.59400408,5570045.0,4.06721664,39.67367632
Tennessee,1999,3.691477911,52.49769656,20.06111543,5638706.0,4.282122084,40.89936526
Tennessee,2000,3.891136255,57.20642808,19.27023438,5689283.0,4.796101611,41.60644689
Tennessee,2001,3.804272329,54.88324937,21.17536638,5750789.0,4.553911391,41.41420056
Tennessee,2002,3.728136128,52.4400951,20.24862141,5795918.0,4.64723582,43.91496103
Tennessee,2003,4.03328638,49.43092377,20.19935096,5847812.0,4.618437943,44.71420138
Tennessee,2004,3.765803686,51.90472275,20.30598286,5910809.0,4.388886415,45.23580637
Tennessee,2005,3.533546332,53.31610654,20.01204981,5991057.0,4.402547535,45.48749086
Tennessee,2006,3.391999549,55.39239658,20.5495164,6088766.0,4.066404525,45.86084375
Tennessee,2007,3.505351385,55.0162939,19.90924928,6175727.0,4.040510627,46.21480522
Tennessee,2008,3.61625901,52.2840323,19.20827386,6247411.0,4.404864022,42.61270359
Tennessee,2009,3.673007478,37.94563138,14.8777788,6306019.0,4.344645831,40.68581047
Tennessee,2010,3.887928317,42.12655084,15.69568867,6346105.0,4.8430386,41.69902445
Texas,1990,11.7962402,185.4885263,241.7109144,17056755.0,12.9658013,152.4719066
Texas,1991,11.93034323,184.6900656,242.1314389,17398005.0,13.13223796,149.2878308
Texas,1992,12.1038531,182.3466914,248.6291409,17759738.0,12.70045882,152.8777544
Texas,1993,10.75238975,199.3199189,251.617887,18161612.0,13.43597416,152.3124002
Texas,1994,11.2226818,193.0074383,257.1763543,18564062.0,12.58300702,155.7143248
Texas,1995,13.02299221,192.9622996,260.4878469,18958751.0,12.12459938,153.4675178
Texas,1996,11.19023949,203.8239704,283.0123243,19340342.0,13.11012946,166.7728907
Texas,1997,13.15274534,208.4307849,293.0439886,19740317.0,13.59782118,171.243628
Texas,1998,11.16628268,215.1704658,284.4655535,20157531.0,12.08592236,180.2552903
Texas,1999,11.36673319,218.8040935,264.3327792,20558220.0,11.63705099,178.8704717
Texas,2000,13.66654156,227.6161353,267.7885925,20851820.0,12.92458589,182.9286768
Texas,2001,11.82145706,218.9749439,261.7345578,21319622.0,13.95510941,190.852035
Texas,2002,14.30047688,225.3542568,261.7674295,21690325.0,13.86096517,197.6482302
Texas,2003,14.16444059,225.2381826,261.480568,22030931.0,13.32539453,189.8871415
Texas,2004,11.88035495,224.3627833,265.5554799,22394023.0,12.11915806,193.4572614
Texas,2005,10.6186987,228.9137128,228.4091059,22778123.0,11.98244761,194.8741489
Texas,2006,9.702666853,226.9811389,228.2567974,23359580.0,10.47880985,202.4510602
Texas,2007,10.14534831,229.5690988,223.5182287,23831983.0,12.43764595,204.9972694
Texas,2008,10.76526547,227.3321982,207.3643467,24309039.0,11.9765635,200.5826413
Texas,2009,11.16287984,216.5791234,195.3205136,24801761.0,11.71154637,190.9689221
Texas,2010,12.19590665,220.4182988,211.5366149,25145561.0,13.6740399,195.4199783
USA,1991,,,,252980941.0,,
USA,1992,,,,256514224.0,,
USA,1993,,,,259918588.0,,
USA,1994,,,,263125821.0,,
USA,1995,,,,266278393.0,,
USA,1996,,,,269394284.0,,
USA,1997,,,,272646925.0,,
USA,1998,,,,275854104.0,,
USA,1999,,,,279040168.0,,
USA,2000,,,,281421906.0,,
USA,2001,,,,284968955.0,,
USA,2002,,,,287625193.0,,
USA,2003,,,,290107933.0,,
USA,2004,,,,292805298.0,,
USA,2005,,,,295516599.0,,
USA,2006,,,,298379912.0,,
USA,2007,,,,301231207.0,,
USA,2008,,,,304093966.0,,
USA,2009,,,,306771529.0,,
USA,2010,,,,308745538.0,,
Utah,1990,1.670287729,28.99689892,9.824860545,1731223.0,2.752239045,10.64482958
Utah,1991,1.887041428,27.53480238,9.193344918,1779780.0,3.123087124,11.0652211
Utah,1992,1.58137011,29.67308888,9.048818236,1836799.0,2.740140434,11.28054638
Utah,1993,1.703393328,30.41754807,8.989728363,1898404.0,3.105781246,11.72117845
Utah,1994,1.904554208,31.30935494,8.976289801,1960446.0,2.875704026,11.89962808
Utah,1995,1.85928384,29.41602294,10.15153429,2014177.0,2.850445228,12.93427074
Utah,1996,2.015420337,29.69842751,9.622837571,2067976.0,3.103129917,13.55964205
Utah,1997,2.197642316,30.68203257,10.2093412,2119784.0,3.361036851,14.15090861
Utah,1998,2.189485467,31.37927028,11.28925489,2165960.0,3.236300649,14.3939037
Utah,1999,2.21997004,31.92191853,8.967620704,2203482.0,3.222083595,14.87949252
Utah,2000,2.096850281,32.51323127,10.35135101,2233169.0,3.248420966,15.72282124
Utah,2001,2.272792572,31.98651288,9.280093095,2283715.0,3.291442299,15.0757796
Utah,2002,2.582597528,33.1739481,6.359245,2324815.0,3.529842536,15.65890306
Utah,2003,2.170131686,34.14614028,6.582789334,2360137.0,3.225899404,15.80661002
Utah,2004,2.444946583,34.15925351,7.755414637,2401580.0,3.572729766,16.57132267
Utah,2005,2.308621311,34.78246615,8.858854884,2457719.0,3.391994954,16.7289873
Utah,2006,2.247747156,35.25170793,7.922265312,2525507.0,3.535594608,18.51256901
Utah,2007,2.26766004,37.09008825,8.133455833,2597746.0,3.544138814,18.49777577
Utah,2008,2.426723399,37.603651,7.808351739,2663029.0,3.880942293,17.32939997
Utah,2009,2.37205675,34.77110205,6.705067868,2723421.0,3.778684311,16.52272613
Utah,2010,2.426437835,33.84752835,7.052193327,2763885.0,3.781296603,16.34343028
Vermont,1990,0.583327739,0.040622677,0.460638659,564798.0,1.394510884,3.011188143
Vermont,1991,0.64973247,0.063705231,0.460544148,568606.0,1.461509249,3.042855459
Vermont,1992,0.736224558,0.045465713,0.539486584,572751.0,1.591231619,3.230962081
Vermont,1993,0.683740026,0.021453786,0.54774855,577748.0,1.552441251,3.413926659
Vermont,1994,0.678875241,0.018680712,0.429887007,583836.0,1.478921232,3.432949631
Vermont,1995,0.594378636,0.023920009,0.391030873,589002.0,1.429379587,3.567631795
Vermont,1996,0.661225378,0.008184932,0.414339926,593701.0,1.502590325,3.706404186
Vermont,1997,0.706209361,0.015321397,0.683679102,597239.0,1.469060903,3.637007578
Vermont,1998,0.755919599,0.056312626,0.466038985,600416.0,1.396155802,3.593088346
Vermont,1999,0.70580042,0.04094716,0.642625388,604683.0,1.373943507,3.759215171
Vermont,2000,0.765017935,0.12340607,0.566305458,608827.0,1.594482762,3.700457172
Vermont,2001,0.790510646,0.043776266,0.483015888,612223.0,1.579567384,3.71144948
Vermont,2002,0.730738536,0.015369648,0.470741972,615442.0,1.478886331,3.657087422
Vermont,2003,0.761838537,0.026043531,0.507879246,617858.0,1.555967466,3.694516161
Vermont,2004,0.826836422,0.022052409,0.601214466,619920.0,1.779220319,3.825271361
Vermont,2005,0.715378929,0.006717051,0.590647482,621215.0,1.638974774,3.865592479
Vermont,2006,0.674770326,0.005152892,0.575090365,622892.0,1.532876238,3.89631613
Vermont,2007,0.679124563,0.005195576,0.505630508,623481.0,1.506183468,3.866260287
Vermont,2008,0.630751203,0.005236832,0.514368539,624151.0,1.369956033,3.608940019
Vermont,2009,0.674518201,0.005132116,0.492666177,624817.0,1.501271395,3.646944558
Vermont,2010,0.63667224,0.005274461,0.508626953,625741.0,1.334141227,3.548792617
Virginia,1990,4.436131337,23.0502146,19.52539803,6216884.0,6.463715046,41.51090937
Virginia,1991,4.199604913,25.05328255,19.88882777,6301217.0,6.345275602,40.53246008
Virginia,1992,4.631460544,26.64139301,18.76001489,6414307.0,6.922462584,40.34690419
Virginia,1993,5.032526777,31.18069413,16.96780948,6509630.0,7.125196449,41.2536371
Virginia,1994,5.090431753,29.0905387,17.22472338,6593139.0,7.054100375,41.83336383
Virginia,1995,5.332309198,30.32703464,17.3392562,6670693.0,7.13171815,42.55182537
Virginia,1996,6.089568068,33.04425118,17.17612281,6750884.0,8.058395246,42.97299093
Virginia,1997,5.629668774,34.33236616,17.82150796,6829183.0,7.710431368,44.378227
Virginia,1998,5.429532353,36.12702322,17.31027775,6900918.0,7.068791096,45.09998356
Virginia,1999,5.405634071,37.69675974,16.87253593,7000174.0,7.190698301,45.9418892
Virginia,2000,5.887154449,42.2293164,16.86297987,7078515.0,8.207151481,48.61134743
Virginia,2001,5.369479153,41.69696281,16.48766592,7198362.0,7.453025123,48.65479742
Virginia,2002,5.028000679,40.77642588,16.26727955,7286873.0,7.254903074,48.84917279
Virginia,2003,5.737375999,40.41670766,17.23381711,7366977.0,8.207346587,50.32194368
Virginia,2004,5.627761498,40.11358771,17.62581177,7475575.0,8.344463185,54.7194145
Virginia,2005,5.641636895,40.91014864,17.62098351,7577105.0,8.405553541,55.69408451
Virginia,2006,5.018364655,36.46299024,16.59892364,7673725.0,6.96357601,56.96277407
Virginia,2007,5.119871828,40.98438946,16.8887626,7751000.0,7.342139793,57.20674172
Virginia,2008,4.914367515,35.77013039,16.25143492,7833496.0,7.008411908,53.39561596
Virginia,2009,4.878853323,30.76703351,12.6796181,7925937.0,6.945224563,51.06611405
Virginia,2010,5.003691749,33.69566991,12.90573118,8001024.0,7.195553482,50.90944849
Washington,1990,3.195891488,7.507395759,16.97415965,4903043.0,3.545996376,40.95153281
Washington,1991,3.286596004,7.928673081,16.02704902,5025624.0,3.834645909,41.55515615
Washington,1992,2.757777026,10.18216536,18.29199465,5160757.0,3.494228042,46.10254021
Washington,1993,3.13452439,10.26573161,16.15591405,5278842.0,4.163506329,42.23487914
Washington,1994,3.114006935,11.92781886,18.45873293,5375161.0,4.214367516,43.19693691
Washington,1995,3.192292699,8.348465871,17.9055549,5481027.0,4.106079885,45.25546358
Washington,1996,3.298308326,10.70674447,18.96192048,5569753.0,4.726923298,44.65330356
Washington,1997,3.294081252,8.992812964,17.18340651,5674747.0,4.821918671,45.72599839
Washington,1998,3.103142002,11.63790054,22.43059852,5769562.0,4.726241373,43.0738314
Washington,1999,3.531855795,10.61884267,22.8800088,5842564.0,5.300949168,43.89746381
Washington,2000,3.459430158,14.00156602,17.15008428,5894121.0,5.202383381,44.7568442
Washington,2001,3.894649727,13.89902957,13.0713764,5985722.0,5.990065762,42.77618717
Washington,2002,3.336936611,11.3309968,11.66762089,6052349.0,5.516668498,41.50192141
Washington,2003,3.268842196,13.94285097,11.620062,6104115.0,4.92457428,41.34557022
Washington,2004,3.137461535,13.90889575,12.37138111,6178645.0,4.886044586,43.26193532
Washington,2005,3.326079466,13.93771675,13.43713012,6257305.0,5.02897835,43.55545281
Washington,2006,3.409186099,9.491041572,14.68846231,6370753.0,5.083336562,44.82256821
Washington,2007,3.433039363,11.77231665,14.56699175,6461587.0,5.236011213,47.85114922
Washington,2008,3.877999985,12.65855583,14.98487486,6562231.0,5.605414057,43.54172132
Washington,2009,3.83157668,12.54306521,13.88075205,6667426.0,5.620412271,42.46616247
Washington,2010,3.842097264,12.97877609,12.54201029,6724540.0,5.12189829,42.15226523
West Virginia,1990,1.970008528,70.05889606,18.60264739,1792548.0,2.409529801,10.37387574
West Virginia,1991,1.808682209,65.11351835,16.20464058,1798735.0,2.332892597,10.23941016
West Virginia,1992,1.853835952,66.89616067,15.29384047,1806451.0,2.465744002,11.10950932
West Virginia,1993,1.829651009,67.01950471,15.49800634,1817539.0,2.535026138,11.51956558
West Virginia,1994,1.827100813,73.15699858,16.38732878,1820421.0,2.531930497,12.10922634
West Virginia,1995,1.785519981,72.74054991,15.09445789,1823700.0,2.43652966,12.23572555
West Virginia,1996,1.959366805,77.79149726,13.50989265,1822808.0,2.656085416,11.01339018
West Virginia,1997,1.883888004,81.79611269,12.30167855,1819113.0,2.643699372,12.02817643
West Virginia,1998,1.973891267,81.14364599,14.7069655,1815609.0,2.262447813,12.62740626
West Virginia,1999,2.091533439,84.4180858,13.13068507,1811799.0,2.4023301,12.30064079
West Virginia,2000,2.179003369,83.06302041,13.21826644,1808344.0,2.384832957,12.69500854
West Virginia,2001,1.928359717,73.71055379,13.43174394,1801481.0,2.415136409,12.50221676
West Virginia,2002,1.667737854,85.41400808,14.89816999,1805414.0,2.211858803,12.34075258
West Virginia,2003,1.792317735,84.53066238,12.62253185,1812295.0,2.290647892,11.67631451
West Virginia,2004,1.726479169,80.68323826,13.4606489,1816438.0,2.2714822,12.42814809
West Virginia,2005,1.754884068,83.75363273,12.31360376,1820492.0,2.129008172,12.58843834
West Virginia,2006,1.586825494,84.1824441,12.54525825,1827912.0,2.001114142,12.54155292
West Virginia,2007,1.556185106,85.48171564,13.62985018,1834052.0,1.896144438,12.47611819
West Virginia,2008,1.565462398,83.11123515,13.18457107,1840310.0,1.935303297,11.06577433
West Virginia,2009,1.545569029,64.84509735,9.50569969,1847775.0,1.825174414,11.336837
West Virginia,2010,1.583155365,73.10476744,10.41631699,1852994.0,1.892194734,11.65929909
Wisconsin,1990,4.816156085,33.21606571,14.35956053,4904562.0,9.45304655,24.2951917
Wisconsin,1991,5.017415035,34.42342476,14.62315982,4964343.0,10.1400607,24.11550438
Wisconsin,1992,4.827639413,33.57639592,14.53925129,5025398.0,9.872012467,24.65568931
Wisconsin,1993,5.153907327,34.62137461,15.37312901,5084889.0,10.60721675,25.51902163
Wisconsin,1994,5.111712496,36.28023124,15.84162157,5133678.0,10.14752732,26.94273916
Wisconsin,1995,5.477840478,38.1079918,15.90271148,5184836.0,10.29410638,27.47966752
Wisconsin,1996,5.997371957,40.00346774,16.11679445,5229986.0,11.50078924,27.89705007
Wisconsin,1997,5.91499607,43.18792139,16.6547599,5266213.0,10.36623535,28.03344714
Wisconsin,1998,5.558642082,41.35820031,15.47266416,5297672.0,8.938027333,29.62611285
Wisconsin,1999,5.675186316,42.09104955,17.01609924,5332666.0,10.04740369,30.3600372
Wisconsin,2000,5.6135191,43.74500819,17.80374641,5363675.0,10.23836908,29.77548039
Wisconsin,2001,5.389994147,43.39939886,17.00065363,5406835.0,9.747749467,29.6425809
Wisconsin,2002,5.796870884,43.07221697,17.28623552,5445162.0,10.46235398,29.73935472
Wisconsin,2003,6.08206365,42.94752614,15.3459338,5479203.0,10.56908823,29.1975351
Wisconsin,2004,5.673006272,44.13289742,16.1303685,5514026.0,10.14577626,30.74504347
Wisconsin,2005,6.173085261,48.08889372,15.58035805,5546166.0,9.901882683,30.27121258
Wisconsin,2006,5.283717474,42.58094963,14.94265286,5577655.0,8.914944232,30.79371196
Wisconsin,2007,5.521209686,43.35804135,15.10096155,5610775.0,9.411398241,31.08194097
Wisconsin,2008,6.421622606,43.85426079,14.51824005,5640996.0,10.17142814,30.62807016
Wisconsin,2009,5.796282754,39.07758892,12.73264342,5669264.0,9.285382059,29.64922481
Wisconsin,2010,5.173907392,42.10235277,12.88870311,5686986.0,8.623877416,30.35706851
Wyoming,1990,0.855347484,40.04834757,10.37763159,453690.0,0.824987739,5.773094983
Wyoming,1991,0.932109514,39.07550752,9.911581998,459260.0,0.876496746,5.29907568
Wyoming,1992,0.748594603,42.79644183,11.92134781,466251.0,0.763590373,5.573774086
Wyoming,1993,0.970987815,40.86425042,10.31339506,473081.0,0.876782861,5.968105779
Wyoming,1994,1.005718079,42.89425597,10.62070167,480283.0,0.818826532,5.855469987
Wyoming,1995,0.944925264,40.27488244,10.019644,485160.0,0.853810465,6.774298846
Wyoming,1996,1.302817867,41.0898431,10.20609716,488167.0,0.942743439,6.777528616
Wyoming,1997,0.934929932,40.76292897,10.38282132,489451.0,0.806530915,6.891325478
Wyoming,1998,0.939112826,43.9704509,10.6010729,490787.0,0.776686867,7.094830043
Wyoming,1999,0.906424394,42.23441651,9.931921423,491780.0,0.757965679,8.094685619
Wyoming,2000,0.997026378,43.5541691,9.75103845,493782.0,0.815504209,7.611240937
Wyoming,2001,1.001571484,43.53425838,9.905504206,494657.0,0.790013953,7.772199923
Wyoming,2002,0.943649593,42.03997589,10.12448877,500017.0,0.90636492,7.71682337
Wyoming,2003,0.89205035,43.131623,10.16728605,503453.0,0.834026519,8.381423559
Wyoming,2004,0.905588563,43.62328661,9.990480935,509106.0,0.832318467,8.126074937
Wyoming,2005,0.850550523,42.8559824,9.907530887,514157.0,0.810768928,8.34808343
Wyoming,2006,0.825412493,42.58163816,10.87274084,522667.0,0.798091396,8.62682601
Wyoming,2007,0.855697581,43.05375728,12.42751493,534876.0,0.926465126,8.885876261
Wyoming,2008,0.864511845,43.52042298,12.45530434,546043.0,0.960490098,8.977521497
Wyoming,2009,0.882305111,41.46701261,11.84362451,559851.0,0.950921469,8.433888482
Wyoming,2010,0.95333207,42.35856818,12.13862269,563626.0,0.928791936,8.433522538
